ts_code,trade_date,open,high,low,close,pre_close,change,pct_chg,vol,amount
000001.SZ,20190102,9.39,9.42,9.16,9.19,9.38,-0.19,-2.03,539386.32,498695.11
000001.SZ,20190103,9.18,9.33,9.15,9.28,9.19,0.09,0.98,415537.95,384457.71
000001.SZ,20190104,9.24,9.82,9.22,9.75,9.28,0.47,5.06,1481159.06,1422149.89
000001.SZ,20190107,9.84,9.85,9.63,9.74,9.75,-0.01,-0.10,865687.66,841166.43
000001.SZ,20190108,9.73,9.74,9.62,9.66,9.74,-0.08,-0.82,402388.11,389247.80
000001.SZ,20190109,9.74,10.08,9.7,9.94,9.66,0.28,2.90,1233486.36,1229465.12
000001.SZ,20190110,9.87,10.2,9.86,10.1,9.94,0.16,1.61,1071817.66,1079711.04
000001.SZ,20190111,10.11,10.22,10.05,10.2,10.1,0.1,0.99,696364.55,708001.80
000001.SZ,20190114,10.22,10.25,10.07,10.11,10.2,-0.09,-0.88,500443.59,507862.88
000001.SZ,20190115,10.11,10.28,10.09,10.24,10.11,0.13,1.29,542160.55,553027.31
000001.SZ,20190116,10.24,10.5,10.23,10.48,10.24,0.24,2.34,977699.37,1017495.12
000001.SZ,20190117,10.54,10.57,10.17,10.25,10.48,-0.23,-2.19,882811.92,910212.07
000001.SZ,20190118,10.34,10.49,10.28,10.43,10.25,0.18,1.76,738793.26,769973.64
000001.SZ,20190121,10.34,10.47,10.32,10.34,10.43,-0.09,-0.86,659355.76,684465.65
000001.SZ,20190122,10.34,10.44,10.26,10.28,10.34,-0.06,-0.58,424413.57,438991.45
000001.SZ,20190123,10.29,10.47,10.29,10.35,10.28,0.07,0.68,537876.63,559384.40
000001.SZ,20190124,10.4,10.55,10.37,10.52,10.35,0.17,1.64,679240.88,711495.72
000001.SZ,20190125,10.56,11.04,10.55,11,10.52,0.48,4.56,2108361.85,2299718.22
000001.SZ,20190128,11.04,11.14,10.88,10.94,11,-0.06,-0.55,1035909.80,1141853.83
000001.SZ,20190129,10.96,11.07,10.77,11,10.94,0.06,0.55,826631.10,904847.85
000001.SZ,20190130,10.95,11.18,10.86,10.95,11,-0.05,-0.45,712001.01,785204.57
000001.SZ,20190131,10.98,11.2,10.94,11.1,10.95,0.15,1.37,831622.75,922602.87
000001.SZ,20190201,11.2,11.25,10.96,11.2,11.1,0.1,0.90,1014270.07,1127216.19
000001.SZ,20190211,11.08,11.21,10.97,11.21,11.2,0.01,0.09,801936.63,889951.53
000001.SZ,20190212,11.2,11.31,11.03,11.19,11.21,-0.02,-0.18,959936.90,1071873.08
000001.SZ,20190213,11.19,11.41,11.12,11.38,11.19,0.19,1.70,1137365.74,1280182.10
000001.SZ,20190214,11.3,11.33,11.19,11.25,11.38,-0.13,-1.14,869185.19,977818.10
000001.SZ,20190215,11.23,11.23,10.9,10.95,11.25,-0.3,-2.67,1100127.46,1213914.43
000001.SZ,20190218,11.05,11.36,11.04,11.36,10.95,0.41,3.74,1255522.21,1408279.68
000001.SZ,20190219,11.36,11.62,11.24,11.27,11.36,-0.09,-0.79,1270882.04,1445281.38
000001.SZ,20190220,11.33,11.53,11.25,11.41,11.27,0.14,1.24,832629.87,949430.82
000001.SZ,20190221,11.38,11.55,11.28,11.36,11.41,-0.05,-0.44,754246.48,860591.07
000001.SZ,20190222,11.35,11.57,11.15,11.54,11.36,0.18,1.58,1184047.79,1343020.34
000001.SZ,20190225,11.7,12.64,11.57,12.55,11.54,1.01,8.75,2824935.02,3415946.86
000001.SZ,20190226,12.55,12.57,12.15,12.2,12.55,-0.35,-2.79,2017544.93,2485673.36
000001.SZ,20190227,12.24,12.66,12.15,12.4,12.2,0.2,1.64,1979013.88,2454404.41
000001.SZ,20190228,12.44,12.61,12.27,12.36,12.4,-0.04,-0.32,1113099.80,1383110.81
000001.SZ,20190301,12.48,12.78,12.2,12.76,12.36,0.4,3.24,1712679.16,2137669.56
000001.SZ,20190304,12.7,13.38,12.62,12.99,12.76,0.23,1.80,2456830.39,3195011.70
000001.SZ,20190305,12.91,13.29,12.84,13.06,12.99,0.07,0.54,1408422.22,1838251.66
000001.SZ,20190306,13.06,13.15,12.84,13.08,13.06,0.02,0.15,1245760.20,1614670.97
000001.SZ,20190307,13.06,13.06,12.55,12.74,13.08,-0.34,-2.60,1782057.31,2274151.01
000001.SZ,20190308,12.49,12.7,12.25,12.3,12.74,-0.44,-3.45,1778162.10,2214572.42
000001.SZ,20190311,12.3,12.49,12.05,12.32,12.3,0.02,0.16,1157650.77,1416000.38
000001.SZ,20190312,12.49,12.64,12.24,12.36,12.32,0.04,0.32,1411794.92,1757797.25
000001.SZ,20190313,12.34,12.55,12.13,12.37,12.36,0.01,0.08,1269427.16,1568387.54
000001.SZ,20190314,12.33,12.62,12.27,12.43,12.37,0.06,0.49,1057467.90,1316372.93
000001.SZ,20190315,12.34,12.68,12.34,12.5,12.43,0.07,0.56,1045406.03,1311323.01
000001.SZ,20190318,12.53,12.94,12.32,12.91,12.5,0.41,3.28,1486454.80,1882483.63
000001.SZ,20190319,12.92,12.94,12.61,12.79,12.91,-0.12,-0.93,957196.46,1221118.29
000001.SZ,20190320,12.68,12.88,12.62,12.75,12.79,-0.04,-0.31,929996.38,1185477.06
000001.SZ,20190321,12.77,12.8,12.58,12.69,12.75,-0.06,-0.47,860140.80,1092506.48
000001.SZ,20190322,12.69,12.74,12.5,12.59,12.69,-0.1,-0.79,713502.06,898629.42
000001.SZ,20190325,12.4,12.4,12.1,12.11,12.59,-0.48,-3.81,1179883.26,1445560.16
000001.SZ,20190326,12.23,12.29,12.01,12.1,12.11,-0.01,-0.08,935393.27,1136721.27
000001.SZ,20190327,12.24,12.47,12.18,12.38,12.1,0.28,2.31,922826.80,1138302.66
000001.SZ,20190328,12.31,12.31,12.1,12.22,12.38,-0.16,-1.29,732467.44,892530.63
000001.SZ,20190329,12.26,12.82,12.21,12.82,12.22,0.6,4.91,1669506.47,2108295.39
000001.SZ,20190401,12.83,13.55,12.83,13.18,12.82,0.36,2.81,1951401.19,2588268.67
000001.SZ,20190402,13.28,13.48,13.23,13.36,13.18,0.18,1.37,1100384.04,1466040.99
000001.SZ,20190403,13.21,13.45,13.15,13.44,13.36,0.08,0.60,792915.79,1056166.23
000001.SZ,20190404,13.43,14,13.43,13.86,13.44,0.42,3.13,2034365.00,2796366.35
000001.SZ,20190408,13.9,14.43,13.72,13.96,13.86,0.1,0.72,1743176.20,2464536.24
000001.SZ,20190409,13.87,13.98,13.75,13.81,13.96,-0.15,-1.07,781332.38,1080549.20
000001.SZ,20190410,13.75,13.88,13.4,13.73,13.81,-0.08,-0.58,947135.06,1289475.60
000001.SZ,20190411,13.73,13.96,13.49,13.54,13.73,-0.19,-1.38,655356.62,897382.24
000001.SZ,20190412,13.49,13.59,13.21,13.42,13.54,-0.12,-0.89,774324.64,1035139.67
000001.SZ,20190415,13.72,14.09,13.66,13.69,13.42,0.27,2.01,1533890.68,2134708.98
000001.SZ,20190416,13.67,14.58,13.55,14.58,13.69,0.89,6.50,2379375.18,3379550.31
000001.SZ,20190417,14.42,14.59,14.23,14.35,14.58,-0.23,-1.58,1004109.87,1443493.49
000001.SZ,20190418,14.3,14.37,14.11,14.34,14.35,-0.01,-0.07,507045.30,721908.80
000001.SZ,20190419,14.45,14.8,14.3,14.73,14.34,0.39,2.72,1246036.09,1814875.94
000001.SZ,20190422,14.6,14.84,14.08,14.15,14.73,-0.58,-3.94,1322273.90,1899850.00
000001.SZ,20190423,14.1,14.2,13.97,14.07,14.15,-0.08,-0.57,940687.34,1326465.63
000001.SZ,20190424,14.45,14.6,14.16,14.44,14.07,0.37,2.63,1949723.63,2811131.03
000001.SZ,20190425,14.38,14.64,14.13,14.13,14.44,-0.31,-2.15,1111476.37,1597895.22
000001.SZ,20190426,14.08,14.25,13.7,13.79,14.13,-0.34,-2.41,1009421.24,1407987.37
000001.SZ,20190429,13.9,14.33,13.86,14.1,13.79,0.31,2.25,1030695.75,1450714.13
000001.SZ,20190430,13.99,14.05,13.59,13.85,14.1,-0.25,-1.77,1116570.27,1542958.58
000001.SZ,20190506,13.1,13.35,12.71,12.87,13.85,-0.98,-7.08,2108667.84,2742409.41
000001.SZ,20190507,13.03,13.09,12.72,12.95,12.87,0.08,0.62,1072658.41,1386247.08
000001.SZ,20190508,12.72,12.91,12.5,12.6,12.95,-0.35,-2.70,975450.81,1236655.98
000001.SZ,20190509,12.52,12.58,12.05,12.16,12.6,-0.44,-3.49,1557151.61,1904905.49
000001.SZ,20190510,12.34,12.75,12.1,12.68,12.16,0.52,4.28,1192399.08,1489975.62
000001.SZ,20190513,12.33,12.54,12.23,12.3,12.68,-0.38,-3.00,741917.79,916213.72
000001.SZ,20190514,12.2,12.75,12.16,12.49,12.3,0.19,1.54,1182598.19,1477008.36
000001.SZ,20190515,12.58,13.11,12.57,12.92,12.49,0.43,3.44,1103988.51,1417050.11
000001.SZ,20190516,12.93,12.99,12.78,12.85,12.92,-0.07,-0.54,634901.43,816740.93
000001.SZ,20190517,12.92,12.93,12.36,12.44,12.85,-0.41,-3.19,965000.85,1208569.91
000001.SZ,20190520,12.35,12.54,12.25,12.38,12.44,-0.06,-0.48,786435.18,971222.47
000001.SZ,20190521,12.4,12.73,12.36,12.56,12.38,0.18,1.45,731210.51,919191.24
000001.SZ,20190522,12.57,12.57,12.32,12.4,12.56,-0.16,-1.27,506230.72,628437.47
000001.SZ,20190523,12.24,12.42,12.14,12.29,12.4,-0.11,-0.89,666855.43,817850.53
000001.SZ,20190524,12.35,12.45,12.31,12.35,12.29,0.06,0.49,495526.20,613106.25
000001.SZ,20190527,12.21,12.42,11.93,12.37,12.35,0.02,0.16,1048425.98,1275632.72
000001.SZ,20190528,12.31,12.55,12.26,12.49,12.37,0.12,0.97,880703.12,1094063.19
000001.SZ,20190529,12.36,12.59,12.26,12.4,12.49,-0.09,-0.72,666411.50,827828.66
000001.SZ,20190530,12.32,12.38,12.11,12.22,12.4,-0.18,-1.45,646284.65,787801.01
000001.SZ,20190531,12.16,12.4,12.11,12.18,12.22,-0.04,-0.33,686794.39,839375.71
000001.SZ,20190603,12.22,12.33,11.82,11.9,12.18,-0.28,-2.30,1512719.05,1816591.88
000001.SZ,20190604,11.89,11.94,11.6,11.85,11.9,-0.05,-0.42,974655.34,1147709.58
000001.SZ,20190605,11.97,12.14,11.92,11.97,11.85,0.12,1.01,748892.31,899331.72
000001.SZ,20190606,11.97,12.07,11.89,11.92,11.97,-0.05,-0.42,433665.26,519425.13
000001.SZ,20190610,12.01,12.47,11.98,12.34,11.92,0.42,3.52,1144668.82,1404223.62
000001.SZ,20190611,12.34,12.72,12.3,12.65,12.34,0.31,2.51,1251087.51,1574105.21
000001.SZ,20190612,12.63,12.66,12.44,12.57,12.65,-0.08,-0.63,657310.18,825178.00
000001.SZ,20190613,12.54,12.68,12.43,12.59,12.57,0.02,0.16,530000.26,666277.70
000001.SZ,20190614,12.59,12.69,12.45,12.49,12.59,-0.1,-0.79,483191.73,606815.21
000001.SZ,20190617,12.48,12.79,12.48,12.67,12.49,0.18,1.44,619815.88,786223.58
000001.SZ,20190618,12.67,12.85,12.59,12.8,12.67,0.13,1.03,483555.12,616237.57
000001.SZ,20190619,13.29,13.39,13.01,13.07,12.8,0.27,2.11,1143226.39,1504997.84
000001.SZ,20190620,13.17,13.95,13.12,13.8,13.07,0.73,5.59,1529191.47,2083209.24
000001.SZ,20190621,13.76,13.87,13.58,13.64,13.8,-0.16,-1.16,1011129.15,1384099.59
000001.SZ,20190624,13.69,13.83,13.61,13.69,13.64,0.05,0.37,659572.85,904433.35
000001.SZ,20190625,13.72,13.72,13.07,13.43,13.69,-0.26,-1.90,1469227.07,1954855.79
000001.SZ,20190626,13.27,13.5,13.19,13.37,13.29,0.08,0.60,546504.76,731207.28
000001.SZ,20190627,13.5,13.85,13.45,13.71,13.37,0.34,2.54,925074.94,1270042.46
000001.SZ,20190628,13.73,13.79,13.58,13.78,13.71,0.07,0.51,498093.69,682679.97
000001.SZ,20190701,14.01,14.18,13.87,13.93,13.78,0.15,1.09,960636.00,1347792.87
000001.SZ,20190702,13.88,14.24,13.86,14.18,13.93,0.25,1.79,1052744.86,1481211.35
000001.SZ,20190703,14.18,14.21,13.87,14.01,14.18,-0.17,-1.20,769078.49,1076744.40
000001.SZ,20190704,14.01,14.28,13.88,13.99,14.01,-0.02,-0.14,621292.52,873624.29
000001.SZ,20190705,13.95,13.98,13.69,13.92,13.99,-0.07,-0.50,749196.09,1037357.18
000001.SZ,20190708,13.82,13.88,13.45,13.59,13.92,-0.33,-2.37,778413.90,1061095.71
000001.SZ,20190709,13.63,13.71,13.44,13.59,13.59,0,0.00,494296.11,670391.72
000001.SZ,20190710,13.61,13.7,13.49,13.56,13.59,-0.03,-0.22,358220.79,487071.88
000001.SZ,20190711,13.68,13.78,13.53,13.54,13.56,-0.02,-0.15,484183.14,660588.30
000001.SZ,20190712,13.6,14.23,13.58,14.12,13.54,0.58,4.28,1465366.52,2055749.88
000001.SZ,20190715,14.03,14.12,13.84,14,14.12,-0.12,-0.85,841282.76,1175798.10
000001.SZ,20190716,13.97,13.99,13.71,13.75,14,-0.25,-1.79,722780.79,998151.58
000001.SZ,20190717,13.7,13.81,13.61,13.69,13.75,-0.06,-0.44,410020.63,561944.45
000001.SZ,20190718,13.65,13.81,13.56,13.67,13.69,-0.02,-0.15,422826.22,578067.49
000001.SZ,20190719,13.74,14.08,13.68,13.99,13.67,0.32,2.34,866390.70,1207316.53
000001.SZ,20190722,13.96,14.02,13.76,13.85,13.99,-0.14,-1.00,582283.30,807249.43
000001.SZ,20190723,13.86,13.87,13.65,13.76,13.85,-0.09,-0.65,504004.23,692328.45
000001.SZ,20190724,13.87,14.01,13.79,13.88,13.76,0.12,0.87,570276.22,793387.78
000001.SZ,20190725,13.92,14.27,13.85,14.2,13.88,0.32,2.31,1087826.41,1534889.65
000001.SZ,20190726,14.18,14.25,14.08,14.23,14.2,0.03,0.21,635305.71,901074.11
000001.SZ,20190729,14.25,14.45,14.18,14.29,14.23,0.06,0.42,715576.19,1023261.76
000001.SZ,20190730,14.31,14.55,14.29,14.37,14.29,0.08,0.56,796634.32,1148582.41
000001.SZ,20190731,14.3,14.32,14.08,14.13,14.37,-0.24,-1.67,634723.48,899227.87
000001.SZ,20190801,14.06,14.19,13.94,14.1,14.13,-0.03,-0.21,527981.28,742308.29
000001.SZ,20190802,13.77,13.88,13.66,13.74,14.1,-0.36,-2.55,969926.46,1333400.77
000001.SZ,20190805,13.6,13.64,13.27,13.35,13.74,-0.39,-2.84,893082.42,1201885.40
000001.SZ,20190806,13.1,13.46,13.03,13.37,13.35,0.02,0.15,882499.13,1166971.47
000001.SZ,20190807,13.49,13.64,13.37,13.54,13.37,0.17,1.27,793038.99,1070736.94
000001.SZ,20190808,13.9,14.5,13.85,14.38,13.54,0.84,6.20,2330715.04,3313302.10
000001.SZ,20190809,14.55,14.85,14.43,14.52,14.38,0.14,0.97,2060575.13,3021884.31
000001.SZ,20190812,14.61,15.12,14.6,15.12,14.52,0.6,4.13,2733425.47,4084497.90
000001.SZ,20190813,15,15.08,14.74,14.89,15.12,-0.23,-1.52,1293736.44,1925835.29
000001.SZ,20190814,15.14,15.22,14.8,14.97,14.89,0.08,0.54,1360546.54,2038261.15
000001.SZ,20190815,14.64,14.96,14.6,14.94,14.97,-0.03,-0.20,897376.26,1333117.73
000001.SZ,20190816,15.09,15.14,14.78,14.9,14.94,-0.04,-0.27,986902.93,1474900.26
000001.SZ,20190819,14.91,14.94,14.52,14.92,14.9,0.02,0.13,2292956.13,3368207.94
000001.SZ,20190820,14.92,15.2,14.77,14.99,14.92,0.07,0.47,1921041.50,2872304.20
000001.SZ,20190821,14.87,14.89,14.38,14.45,14.99,-0.54,-3.60,1990131.95,2902251.10
000001.SZ,20190822,14.4,14.45,14.2,14.31,14.45,-0.14,-0.97,1353071.58,1935208.50
000001.SZ,20190823,14.37,14.74,14.35,14.65,14.31,0.34,2.38,1636867.68,2388239.08
000001.SZ,20190826,14.42,14.5,14.15,14.25,14.65,-0.4,-2.73,1415122.54,2018498.04
000001.SZ,20190827,14.36,14.48,14.24,14.31,14.25,0.06,0.42,1356713.37,1948127.12
000001.SZ,20190828,14.26,14.28,14.05,14.27,14.31,-0.04,-0.28,829657.68,1176329.10
000001.SZ,20190829,14.22,14.24,14.08,14.13,14.27,-0.14,-0.98,609034.34,861177.48
000001.SZ,20190830,14.29,14.39,14.1,14.16,14.13,0.03,0.21,798500.57,1136119.66
000001.SZ,20190902,14.15,14.5,14.11,14.45,14.16,0.29,2.05,1360201.30,1955673.14
000001.SZ,20190903,14.48,14.51,14.25,14.3,14.45,-0.15,-1.04,858653.65,1230606.49
000001.SZ,20190904,14.32,14.5,14.31,14.44,14.3,0.14,0.98,973964.87,1404037.30
000001.SZ,20190905,14.56,14.85,14.55,14.58,14.44,0.14,0.97,1768051.43,2599478.26
000001.SZ,20190906,14.71,14.81,14.62,14.81,14.58,0.23,1.58,986432.80,1451264.91
000001.SZ,20190909,14.98,15,14.6,14.69,14.81,-0.12,-0.81,1299839.14,1918042.30
000001.SZ,20190910,14.6,14.64,14.41,14.55,14.69,-0.14,-0.95,796870.64,1155180.74
000001.SZ,20190911,14.6,14.71,14.46,14.56,14.55,0.01,0.07,818614.21,1192674.26
000001.SZ,20190912,14.66,14.78,14.53,14.68,14.56,0.12,0.82,1150687.64,1682911.85
000001.SZ,20190916,14.7,14.72,14.4,14.45,14.68,-0.23,-1.57,929894.14,1349401.48
000001.SZ,20190917,14.36,14.45,14.18,14.24,14.45,-0.21,-1.45,882655.75,1261416.55
000001.SZ,20190918,14.24,14.48,14.24,14.41,14.24,0.17,1.19,820436.33,1179079.99
000001.SZ,20190919,14.48,14.89,14.48,14.84,14.41,0.43,2.98,1884020.83,2777383.51
000001.SZ,20190920,14.95,15.4,14.93,15.34,14.84,0.5,3.37,2644285.14,4020646.52
000001.SZ,20190923,15.34,15.47,15.18,15.38,15.34,0.04,0.26,1403282.00,2148740.45
000001.SZ,20190924,15.47,15.54,15.18,15.18,15.38,-0.2,-1.30,1129103.24,1726238.27
000001.SZ,20190925,15.2,15.85,15.19,15.75,15.18,0.57,3.75,1938892.72,3024598.93
000001.SZ,20190926,15.86,16.04,15.66,15.71,15.75,-0.04,-0.25,1686592.58,2673096.95
000001.SZ,20190927,15.85,16,15.7,15.9,15.71,0.19,1.21,1007706.27,1598567.05
000001.SZ,20190930,15.75,15.89,15.57,15.59,15.9,-0.31,-1.95,1046363.17,1645828.53
000001.SZ,20191008,15.6,16.23,15.6,16.2,15.59,0.61,3.91,1386676.36,2225024.60
000001.SZ,20191009,16.1,16.52,16.02,16.25,16.2,0.05,0.31,1316693.41,2145061.76
000001.SZ,20191010,16.27,16.27,15.99,16.24,16.25,-0.01,-0.06,879746.62,1418751.88
000001.SZ,20191011,16.2,16.95,16.2,16.81,16.24,0.57,3.51,1405422.82,2335030.60
000001.SZ,20191014,16.97,17.6,16.92,17.22,16.81,0.41,2.44,1557637.45,2688929.55
000001.SZ,20191015,17.25,17.35,16.82,17.18,17.22,-0.04,-0.23,881955.42,1503633.37
000001.SZ,20191016,17.26,17.44,16.63,16.79,17.18,-0.39,-2.27,1267671.21,2146150.63
000001.SZ,20191017,16.9,17,16.55,16.7,16.79,-0.09,-0.54,1126182.22,1887045.62
000001.SZ,20191018,16.8,17.04,16.43,16.51,16.7,-0.19,-1.14,1196799.14,1999012.67
000001.SZ,20191021,16.43,16.97,16.43,16.89,16.51,0.38,2.30,945952.25,1589276.09
000001.SZ,20191022,16.91,16.93,16.03,16.42,16.89,-0.47,-2.78,1883531.43,3072547.17
000001.SZ,20191023,16.32,16.67,16.23,16.45,16.42,0.03,0.18,967534.59,1590781.97
000001.SZ,20191024,16.5,17,16.44,16.87,16.45,0.42,2.55,1109214.77,1861032.92
000001.SZ,20191025,16.78,16.96,16.58,16.88,16.87,0.01,0.06,691435.76,1161100.08
000001.SZ,20191028,16.98,17.04,16.48,16.66,16.88,-0.22,-1.30,1070131.13,1780873.36
000001.SZ,20191029,16.69,16.93,16.56,16.91,16.66,0.25,1.50,788864.73,1322036.35
000001.SZ,20191030,16.8,16.96,16.42,16.43,16.91,-0.48,-2.84,854317.17,1420644.94
000001.SZ,20191031,16.42,16.47,16.24,16.26,16.43,-0.17,-1.03,862569.30,1407006.43
000001.SZ,20191101,16.35,17,16.28,16.86,16.26,0.6,3.69,1254655.44,2096068.96
000001.SZ,20191104,16.98,17.25,16.77,16.92,16.86,0.06,0.36,889824.25,1507910.82
000001.SZ,20191105,16.8,17.44,16.79,17.15,16.92,0.23,1.36,1172485.89,2010924.20
000001.SZ,20191106,17.06,17.26,16.88,16.96,17.15,-0.19,-1.11,863325.36,1470233.50
000001.SZ,20191107,16.93,17.07,16.75,16.89,16.96,-0.07,-0.41,711896.99,1200671.65
000001.SZ,20191108,16.98,17.02,16.64,16.65,16.89,-0.24,-1.42,849139.24,1421088.33
000001.SZ,20191111,16.5,16.53,16.2,16.28,16.65,-0.37,-2.22,953515.63,1556517.25
000001.SZ,20191112,16.29,16.37,16.16,16.33,16.28,0.05,0.31,516266.40,840769.29
000001.SZ,20191113,16.29,16.46,16.06,16.33,16.33,0,0.00,655120.65,1067975.60
000001.SZ,20191114,16.43,16.48,16.25,16.32,16.33,-0.01,-0.06,468899.55,767006.34
000001.SZ,20191115,16.39,16.55,16.24,16.34,16.32,0.02,0.12,569227.98,933539.57
000001.SZ,20191118,16.35,16.55,16.23,16.45,16.34,0.11,0.67,557918.41,915983.94
000001.SZ,20191119,16.45,16.48,16.31,16.41,16.45,-0.04,-0.24,562120.40,920998.20
000001.SZ,20191120,16.3,16.3,15.77,15.85,16.41,-0.56,-3.41,1724383.53,2747598.38
000001.SZ,20191121,15.75,15.87,15.63,15.86,15.85,0.01,0.06,772563.24,1218516.40
000001.SZ,20191122,15.89,15.92,15.55,15.59,15.86,-0.27,-1.70,773473.54,1216064.54
000001.SZ,20191125,15.64,15.84,15.54,15.8,15.59,0.21,1.35,783257.94,1233388.89
000001.SZ,20191126,15.89,15.89,15.49,15.62,15.8,-0.18,-1.14,815297.53,1271594.66
000001.SZ,20191127,15.64,15.64,15.39,15.47,15.62,-0.15,-0.96,476169.98,736584.29
000001.SZ,20191128,15.47,15.54,15.44,15.49,15.47,0.02,0.13,378016.51,585252.05
000001.SZ,20191129,15.54,15.55,15.18,15.29,15.49,-0.2,-1.29,653866.91,1001451.10
000001.SZ,20191202,15.35,15.43,15.23,15.36,15.29,0.07,0.46,553877.38,849784.13
000001.SZ,20191203,15.3,15.46,15.21,15.45,15.36,0.09,0.59,455418.05,700293.55
000001.SZ,20191204,15.34,15.41,15.21,15.31,15.45,-0.14,-0.91,524545.27,802110.33
000001.SZ,20191205,15.35,15.48,15.3,15.43,15.31,0.12,0.78,557084.46,857682.58
000001.SZ,20191206,15.47,15.72,15.46,15.6,15.43,0.17,1.10,712615.24,1109423.06
000001.SZ,20191209,15.62,15.62,15.35,15.41,15.6,-0.19,-1.22,605992.89,935135.95
000001.SZ,20191210,15.36,15.38,15.25,15.33,15.41,-0.08,-0.52,556383.88,851377.53
000001.SZ,20191211,15.38,15.68,15.3,15.66,15.33,0.33,2.15,871505.19,1351786.53
000001.SZ,20191212,15.66,15.67,15.53,15.6,15.66,-0.06,-0.38,478998.82,747519.51
000001.SZ,20191213,15.85,16.12,15.77,16.12,15.6,0.52,3.33,1053103.81,1680707.28
000001.SZ,20191216,16.12,16.14,15.87,16.13,16.12,0.01,0.06,787952.34,1262802.47
000001.SZ,20191217,16,16.63,15.98,16.5,16.13,0.37,2.29,1203104.90,1969891.32
000001.SZ,20191218,16.43,16.66,16.41,16.46,16.5,-0.04,-0.24,797091.33,1317608.54
000001.SZ,20191219,16.55,16.74,16.44,16.55,16.46,0.09,0.55,675536.76,1119925.97
000001.SZ,20191220,16.55,16.68,16.44,16.59,16.55,0.04,0.24,644478.38,1067869.78
000001.SZ,20191223,16.68,16.68,16.17,16.24,16.59,-0.35,-2.11,715792.72,1173372.08
000001.SZ,20191224,16.23,16.5,16.23,16.4,16.24,0.16,0.99,459128.42,752351.62
000001.SZ,20191225,16.45,16.56,16.24,16.3,16.4,-0.1,-0.61,414917.98,679664.60
000001.SZ,20191226,16.34,16.48,16.32,16.47,16.3,0.17,1.04,372033.86,610381.76
000001.SZ,20191227,16.53,16.93,16.43,16.63,16.47,0.16,0.97,1042574.72,1741473.18
000001.SZ,20191230,16.46,16.63,16.1,16.57,16.63,-0.06,-0.36,976970.31,1603152.79
000001.SZ,20191231,16.57,16.63,16.31,16.45,16.57,-0.12,-0.72,704442.25,1154704.35
000001.SZ,20200102,16.65,16.95,16.55,16.87,16.45,0.42,2.55,1530231.87,2571196.48
000001.SZ,20200103,16.94,17.31,16.92,17.18,16.87,0.31,1.84,1116194.81,1914495.47
000001.SZ,20200106,17.01,17.34,16.91,17.07,17.18,-0.11,-0.64,862083.50,1477930.19
000001.SZ,20200107,17.13,17.28,16.95,17.15,17.07,0.08,0.47,728607.56,1247047.14
000001.SZ,20200108,17,17.05,16.63,16.66,17.15,-0.49,-2.86,847824.12,1423608.81
000001.SZ,20200109,16.81,16.93,16.53,16.79,16.66,0.13,0.78,1031636.65,1725326.81
000001.SZ,20200110,16.79,16.81,16.52,16.69,16.79,-0.1,-0.60,585548.45,975154.82
000001.SZ,20200113,16.75,17.03,16.61,16.99,16.69,0.3,1.80,872133.36,1468271.68
000001.SZ,20200114,16.99,17.27,16.76,16.76,16.99,-0.23,-1.35,1304493.66,2217608.85
000001.SZ,20200115,16.79,16.86,16.45,16.52,16.76,-0.24,-1.43,859439.12,1424889.23
000001.SZ,20200116,16.52,16.57,16.2,16.33,16.52,-0.19,-1.15,1028104.67,1678888.51
000001.SZ,20200117,16.38,16.55,16.35,16.39,16.33,0.06,0.37,605436.69,995909.01
000001.SZ,20200120,16.43,16.61,16.35,16.45,16.39,0.06,0.37,746074.75,1226464.65
000001.SZ,20200121,16.34,16.34,15.93,16,16.45,-0.45,-2.74,896603.10,1442171.43
000001.SZ,20200122,15.92,16.16,15.71,16.09,16,0.09,0.56,719464.91,1150933.40
000001.SZ,20200123,15.92,15.92,15.39,15.54,16.09,-0.55,-3.42,1100592.07,1723394.34
000001.SZ,20200203,13.99,14.7,13.99,13.99,15.54,-1.55,-9.97,2259194.83,3201454.16
000001.SZ,20200204,14.05,14.66,14.02,14.6,13.99,0.61,4.36,1706172.07,2442932.84
000001.SZ,20200205,14.59,14.89,14.32,14.63,14.6,0.03,0.21,1491380.21,2177632.04
000001.SZ,20200206,14.81,14.87,14.51,14.77,14.63,0.14,0.96,1185815.72,1740107.63
000001.SZ,20200207,14.6,14.69,14.41,14.62,14.77,-0.15,-1.02,924852.96,1345053.26
000001.SZ,20200210,14.51,14.53,14.3,14.5,14.62,-0.12,-0.82,1339495.24,1931983.48
000001.SZ,20200211,14.6,14.94,14.56,14.79,14.5,0.29,2.00,1407507.44,2077194.14
000001.SZ,20200212,14.79,14.82,14.6,14.77,14.79,-0.02,-0.14,1070503.21,1573229.04
000001.SZ,20200213,14.71,14.88,14.61,14.65,14.77,-0.12,-0.81,1013205.28,1491327.71
000001.SZ,20200214,14.75,15.14,14.7,15.03,14.65,0.38,2.59,1512434.73,2253906.45
000001.SZ,20200217,15.04,15.37,14.93,15.37,15.03,0.34,2.26,1543696.01,2337993.59
000001.SZ,20200218,15.33,15.33,15.01,15.2,15.37,-0.17,-1.11,973612.35,1478274.22
000001.SZ,20200219,15.1,15.37,15.08,15.24,15.2,0.04,0.26,874106.93,1333730.22
000001.SZ,20200220,15.27,15.62,15.1,15.59,15.24,0.35,2.30,1235444.34,1897923.03
000001.SZ,20200221,15.49,15.72,15.45,15.58,15.59,-0.01,-0.06,995071.02,1546692.93
000001.SZ,20200224,15.46,15.46,15.15,15.23,15.58,-0.35,-2.25,1191794.50,1820183.85
000001.SZ,20200225,15,15.13,14.78,15.04,15.23,-0.19,-1.25,1144575.02,1710369.79
000001.SZ,20200226,14.77,15.27,14.7,14.99,15.04,-0.05,-0.33,1176599.15,1769612.25
000001.SZ,20200227,14.96,15.15,14.89,15.11,14.99,0.12,0.80,975270.90,1464605.74
000001.SZ,20200228,14.85,15.04,14.46,14.5,15.11,-0.61,-4.04,1300644.45,1906892.41
000001.SZ,20200302,14.55,14.95,14.46,14.79,14.5,0.29,2.00,1116580.66,1647432.27
000001.SZ,20200303,14.96,14.99,14.63,14.72,14.79,-0.07,-0.47,1153584.32,1705816.27
000001.SZ,20200304,14.68,14.78,14.51,14.69,14.72,-0.03,-0.20,862595.23,1261123.06
000001.SZ,20200305,14.8,15.64,14.73,15.39,14.69,0.7,4.77,2686602.34,4089493.52
000001.SZ,20200306,15.18,15.27,15.02,15.03,15.39,-0.36,-2.34,1228531.03,1858691.26
000001.SZ,20200309,14.71,14.73,14.42,14.45,15.03,-0.58,-3.86,1665793.54,2420392.13
000001.SZ,20200310,14.38,14.85,14.38,14.76,14.45,0.31,2.15,1167864.97,1709084.57
000001.SZ,20200311,14.77,14.88,14.62,14.69,14.76,-0.07,-0.47,814381.64,1201250.68
000001.SZ,20200312,14.65,14.84,14.53,14.68,14.69,-0.01,-0.07,986497.11,1447436.64
000001.SZ,20200313,13.9,14.58,13.9,14.52,14.68,-0.16,-1.09,1169765.80,1669009.84
000001.SZ,20200316,14.45,14.46,13.75,13.75,14.52,-0.77,-5.30,1406202.18,1975824.19
000001.SZ,20200317,13.75,13.97,13.13,13.41,13.75,-0.34,-2.47,1177849.06,1582506.08
000001.SZ,20200318,13.41,13.55,12.65,12.71,13.41,-0.7,-5.22,1384784.37,1816836.89
000001.SZ,20200319,12.68,12.74,11.91,12.23,12.71,-0.48,-3.78,1891457.13,2313863.66
000001.SZ,20200320,12.4,12.68,12.26,12.52,12.23,0.29,2.37,1578352.96,1967487.82
000001.SZ,20200323,12,12.35,11.93,12.15,12.52,-0.37,-2.96,1071113.64,1300469.49
000001.SZ,20200324,12.4,12.68,12.27,12.61,12.15,0.46,3.79,1180200.26,1472909.40
000001.SZ,20200325,12.88,13.07,12.7,12.87,12.61,0.26,2.06,1136957.74,1467534.96
000001.SZ,20200326,12.78,13.34,12.72,13.06,12.87,0.19,1.48,1075192.43,1408651.06
000001.SZ,20200327,13.25,13.38,13.08,13.15,13.06,0.09,0.69,653018.88,861618.66
000001.SZ,20200330,12.85,13.04,12.76,12.94,13.15,-0.21,-1.60,661738.79,852956.24
000001.SZ,20200331,13.05,13.09,12.78,12.8,12.94,-0.14,-1.08,513370.30,662915.47
000001.SZ,20200401,12.86,13.13,12.82,12.89,12.8,0.09,0.70,520836.04,676070.12
000001.SZ,20200402,12.75,12.97,12.66,12.97,12.89,0.08,0.62,518365.04,663197.63
000001.SZ,20200403,12.82,12.89,12.55,12.61,12.97,-0.36,-2.78,825348.14,1047282.40
000001.SZ,20200407,12.89,12.94,12.81,12.88,12.61,0.27,2.14,870313.71,1121200.12
000001.SZ,20200408,12.88,12.92,12.72,12.78,12.88,-0.1,-0.78,528716.14,676604.87
000001.SZ,20200409,12.88,12.89,12.72,12.74,12.78,-0.04,-0.31,408553.77,522027.89
000001.SZ,20200410,12.76,12.98,12.65,12.79,12.74,0.05,0.39,666674.95,853689.95
000001.SZ,20200413,12.67,12.71,12.47,12.59,12.79,-0.2,-1.56,446214.40,562008.05
000001.SZ,20200414,12.65,12.86,12.57,12.86,12.59,0.27,2.14,686086.87,874856.56
000001.SZ,20200415,12.86,12.93,12.78,12.87,12.86,0.01,0.08,656396.40,843649.27
000001.SZ,20200416,12.79,12.79,12.54,12.68,12.87,-0.19,-1.48,789154.98,997623.82
000001.SZ,20200417,12.77,13.04,12.65,12.89,12.68,0.21,1.66,1331164.77,1713215.77
000001.SZ,20200420,12.86,13.05,12.77,12.99,12.89,0.1,0.78,818455.83,1058524.02
000001.SZ,20200421,13.3,13.7,13.3,13.45,12.99,0.46,3.54,2122448.34,2861879.09
000001.SZ,20200422,13.37,13.42,13.16,13.23,13.45,-0.22,-1.64,1032802.74,1368222.85
000001.SZ,20200423,13.23,13.31,13.11,13.23,13.23,0,0.00,646989.63,855052.11
000001.SZ,20200424,13.17,13.28,13.11,13.24,13.23,0.01,0.08,566001.61,747473.77
000001.SZ,20200427,13.3,13.64,13.25,13.5,13.24,0.26,1.96,936829.90,1263809.74
000001.SZ,20200428,13.45,13.56,13.27,13.52,13.5,0.02,0.15,771564.17,1038718.08
000001.SZ,20200429,13.48,14.1,13.45,14.02,13.52,0.5,3.70,1108722.39,1541638.20
000001.SZ,20200430,14.02,14.32,13.88,13.93,14.02,-0.09,-0.64,819540.43,1155968.24
000001.SZ,20200506,13.76,13.89,13.61,13.77,13.93,-0.16,-1.15,1008998.02,1382727.48
000001.SZ,20200507,13.76,13.76,13.6,13.69,13.77,-0.08,-0.58,662749.23,904349.53
000001.SZ,20200508,13.76,14.02,13.68,13.95,13.69,0.26,1.90,934781.70,1297924.59
000001.SZ,20200511,13.92,14.13,13.9,14,13.95,0.05,0.36,612862.29,859156.59
000001.SZ,20200512,13.95,14.05,13.72,13.79,14,-0.21,-1.50,558511.14,772109.50
000001.SZ,20200513,13.75,13.78,13.53,13.63,13.79,-0.16,-1.16,640358.79,871062.04
000001.SZ,20200514,13.55,13.59,13.22,13.3,13.63,-0.33,-2.42,944672.09,1259440.85
000001.SZ,20200515,13.39,13.43,13.14,13.23,13.3,-0.07,-0.53,756794.47,1004313.27
000001.SZ,20200518,13.2,13.34,13.12,13.2,13.23,-0.03,-0.23,637208.57,843479.67
000001.SZ,20200519,13.41,13.45,13.27,13.36,13.2,0.16,1.21,600368.64,801755.67
000001.SZ,20200520,13.38,13.62,13.27,13.51,13.36,0.15,1.12,690851.07,929928.89
000001.SZ,20200521,13.52,13.57,13.36,13.4,13.51,-0.11,-0.81,552312.00,742797.06
000001.SZ,20200522,13.33,13.34,12.92,12.92,13.4,-0.48,-3.58,856237.33,1119433.49
000001.SZ,20200525,12.97,12.98,12.76,12.96,12.92,0.04,0.31,410170.78,528769.35
000001.SZ,20200526,13.02,13.07,12.94,13.04,12.96,0.08,0.62,396212.40,515451.85
000001.SZ,20200527,13.05,13.19,12.96,13,13.04,-0.04,-0.31,482962.94,630305.86
000001.SZ,20200528,12.87,13.18,12.81,13.07,12.78,0.29,2.27,960760.31,1255227.00
000001.SZ,20200529,13.01,13.04,12.92,13,13.07,-0.07,-0.54,457808.22,594502.12
000001.SZ,20200601,13.1,13.39,13.08,13.32,13,0.32,2.46,882960.55,1173619.01
000001.SZ,20200602,13.29,13.63,13.28,13.55,13.32,0.23,1.73,883458.88,1194375.82
000001.SZ,20200603,13.64,13.88,13.5,13.54,13.55,-0.01,-0.07,956803.08,1308782.29
000001.SZ,20200604,13.53,13.64,13.41,13.57,13.54,0.03,0.22,583066.33,788707.63
000001.SZ,20200605,13.6,13.62,13.43,13.59,13.57,0.02,0.15,383026.90,517232.14
000001.SZ,20200608,13.68,13.85,13.58,13.62,13.59,0.03,0.22,585971.90,802115.79
000001.SZ,20200609,13.64,13.73,13.53,13.67,13.62,0.05,0.37,474300.07,646895.83
000001.SZ,20200610,13.71,13.71,13.4,13.49,13.67,-0.18,-1.32,580476.20,781995.75
000001.SZ,20200611,13.38,13.39,13,13.08,13.49,-0.41,-3.04,1349039.82,1774199.98
000001.SZ,20200612,12.9,13.02,12.87,12.99,13.08,-0.09,-0.69,1030550.57,1331618.73
000001.SZ,20200615,12.85,12.97,12.8,12.82,12.99,-0.17,-1.31,660313.07,850767.51
000001.SZ,20200616,12.9,12.99,12.86,12.89,12.82,0.07,0.55,718059.10,927043.69
000001.SZ,20200617,12.89,12.92,12.76,12.85,12.89,-0.04,-0.31,716468.24,918251.15
000001.SZ,20200618,12.76,12.8,12.59,12.76,12.85,-0.09,-0.70,1119647.80,1419972.02
000001.SZ,20200619,12.73,12.84,12.61,12.8,12.76,0.04,0.31,1539521.78,1954584.92
000001.SZ,20200622,12.74,12.76,12.62,12.64,12.8,-0.16,-1.25,1319079.79,1671023.28
000001.SZ,20200623,12.65,12.69,12.52,12.6,12.64,-0.04,-0.32,990806.73,1248046.65
000001.SZ,20200624,12.64,12.88,12.6,12.8,12.6,0.2,1.59,1523220.48,1946329.10
000001.SZ,20200629,12.92,12.97,12.71,12.8,12.8,0,0.00,1038480.06,1330678.29
000001.SZ,20200630,12.83,12.88,12.72,12.8,12.8,0,0.00,937940.22,1199181.60
000001.SZ,20200701,12.79,13.15,12.74,13.12,12.8,0.32,2.50,1697390.01,2202800.84
000001.SZ,20200702,13.08,13.49,12.97,13.43,13.12,0.31,2.36,2590501.19,3433511.08
000001.SZ,20200703,13.57,14.32,13.56,14.25,13.43,0.82,6.11,3768333.63,5280918.01
000001.SZ,20200706,14.6,15.68,14.59,15.68,14.25,1.43,10.04,4711460.78,7168653.36
000001.SZ,20200707,16.3,16.63,15.03,15.48,15.68,-0.2,-1.28,3964427.47,6267919.68
000001.SZ,20200708,15.23,16,15.23,15.76,15.48,0.28,1.81,2631339.16,4095447.76
000001.SZ,20200709,15.66,15.66,15.31,15.53,15.76,-0.23,-1.46,2243994.40,3469517.33
000001.SZ,20200710,15.35,15.48,14.76,14.86,15.53,-0.67,-4.31,2158773.26,3254272.38
000001.SZ,20200713,14.7,15.08,14.5,14.89,14.86,0.03,0.20,1937160.12,2871414.84
000001.SZ,20200714,14.9,15.19,14.55,14.68,14.89,-0.21,-1.41,1953566.27,2891773.82
000001.SZ,20200715,14.78,14.86,14.23,14.27,14.68,-0.41,-2.79,2042562.83,2947173.15
000001.SZ,20200716,14.3,14.55,14.12,14.15,14.27,-0.12,-0.84,1930891.29,2771496.39
000001.SZ,20200717,14.17,14.28,13.95,14.14,14.15,-0.01,-0.07,1291346.77,1821043.93
000001.SZ,20200720,14.23,14.77,14.1,14.73,14.14,0.59,4.17,1979632.00,2872758.06
000001.SZ,20200721,14.68,14.68,14.4,14.49,14.73,-0.24,-1.63,1252865.69,1815570.30
000001.SZ,20200722,14.49,14.65,14.27,14.41,14.49,-0.08,-0.55,1312951.59,1895447.23
000001.SZ,20200723,14.24,14.29,13.81,14.01,14.41,-0.4,-2.78,2027525.87,2838535.21
000001.SZ,20200724,13.97,13.99,13.42,13.5,14.01,-0.51,-3.64,1830881.83,2504647.11
000001.SZ,20200727,13.67,13.68,13.1,13.24,13.5,-0.26,-1.93,1880653.35,2497551.47
000001.SZ,20200728,13.34,13.43,13.18,13.34,13.24,0.1,0.76,1217005.99,1618089.56
000001.SZ,20200729,13.35,13.63,13.21,13.54,13.34,0.2,1.50,1519580.25,2043847.47
000001.SZ,20200730,13.5,13.51,13.37,13.37,13.54,-0.17,-1.26,964067.63,1294444.93
000001.SZ,20200731,13.28,13.53,13.25,13.34,13.37,-0.03,-0.22,1165821.91,1559068.29
000001.SZ,20200803,13.47,13.62,13.43,13.59,13.34,0.25,1.87,1445096.16,1954607.26
000001.SZ,20200804,13.66,14.15,13.48,14.04,13.59,0.45,3.31,2445663.25,3388510.06
000001.SZ,20200805,13.82,13.85,13.62,13.76,14.04,-0.28,-1.99,1440203.13,1980352.98
000001.SZ,20200806,13.82,13.96,13.65,13.9,13.76,0.14,1.02,1352510.68,1868047.34
000001.SZ,20200807,13.8,13.9,13.62,13.7,13.9,-0.2,-1.44,988678.37,1356305.78
000001.SZ,20200810,13.67,14.02,13.62,13.95,13.7,0.25,1.82,1587710.35,2208568.32
000001.SZ,20200811,13.97,14.66,13.97,14.13,13.95,0.18,1.29,2603307.89,3748036.83
000001.SZ,20200812,14.21,14.5,14.15,14.38,14.13,0.25,1.77,1596811.70,2287731.09
000001.SZ,20200813,14.4,14.46,14.14,14.18,14.38,-0.2,-1.39,837261.75,1190139.73
000001.SZ,20200814,14.1,14.51,14.06,14.47,14.18,0.29,2.05,1103215.82,1578543.61
000001.SZ,20200817,14.6,15.35,14.55,15.19,14.47,0.72,4.98,3268027.80,4923669.14
000001.SZ,20200818,15.2,15.3,14.91,15.15,15.19,-0.04,-0.26,1350261.07,2033477.71
000001.SZ,20200819,15.11,15.35,14.96,15.1,15.15,-0.05,-0.33,1420928.11,2154215.10
000001.SZ,20200820,15.01,15.14,14.53,14.59,15.1,-0.51,-3.38,1333801.62,1962605.01
000001.SZ,20200821,14.71,14.71,14.32,14.45,14.59,-0.14,-0.96,1234517.33,1787278.58
000001.SZ,20200824,14.5,14.71,14.41,14.46,14.45,0.01,0.07,919448.86,1338031.97
000001.SZ,20200825,14.56,14.69,14.46,14.6,14.46,0.14,0.97,748320.22,1090756.85
000001.SZ,20200826,14.6,14.61,14.28,14.37,14.6,-0.23,-1.58,734117.72,1057274.17
000001.SZ,20200827,14.4,14.46,14.11,14.46,14.37,0.09,0.63,626666.77,895618.65
000001.SZ,20200828,14.26,15.18,14.26,15.13,14.46,0.67,4.63,2410400.02,3599035.69
000001.SZ,20200831,15.3,15.68,14.99,15.08,15.13,-0.05,-0.33,1797129.54,2760350.32
000001.SZ,20200901,14.96,15.23,14.88,15.14,15.08,0.06,0.40,813642.58,1228342.74
000001.SZ,20200902,15.01,15.53,15.01,15.32,15.14,0.18,1.19,1679382.97,2575966.64
000001.SZ,20200903,15.32,15.33,14.84,14.9,15.32,-0.42,-2.74,1279841.59,1919266.73
000001.SZ,20200904,14.73,15.06,14.6,14.96,14.9,0.06,0.40,909889.99,1353550.81
000001.SZ,20200907,14.88,15.24,14.83,14.94,14.96,-0.02,-0.13,1031376.81,1551971.38
000001.SZ,20200908,15,15.43,15,15.43,14.94,0.49,3.28,1407601.66,2154220.78
000001.SZ,20200909,15.26,15.56,15.13,15.21,15.43,-0.22,-1.43,1013572.47,1554005.58
000001.SZ,20200910,15.32,15.48,15.2,15.34,15.21,0.13,0.85,957092.39,1469402.77
000001.SZ,20200911,15.18,15.3,14.82,15.01,15.34,-0.33,-2.15,954236.25,1431844.02
000001.SZ,20200914,15.01,15.3,14.92,15.3,15.01,0.29,1.93,680251.05,1027508.11
000001.SZ,20200915,15.2,15.48,15.15,15.35,15.3,0.05,0.33,657132.67,1007999.04
000001.SZ,20200916,15.32,15.54,15.21,15.44,15.35,0.09,0.59,722414.75,1114667.83
000001.SZ,20200917,15.54,15.72,15.4,15.57,15.44,0.13,0.84,988215.63,1543414.50
000001.SZ,20200918,15.62,16.09,15.52,16.07,15.57,0.5,3.21,1373193.30,2186759.09
000001.SZ,20200921,16,16.05,15.71,15.86,16.07,-0.21,-1.31,896161.65,1418370.97
000001.SZ,20200922,15.67,15.84,15.39,15.57,15.86,-0.29,-1.83,867756.31,1354536.27
000001.SZ,20200923,15.59,15.83,15.51,15.63,15.57,0.06,0.39,599200.47,939763.27
000001.SZ,20200924,15.59,15.61,15.12,15.12,15.63,-0.51,-3.26,1061011.24,1623376.20
000001.SZ,20200925,15.2,15.31,15.11,15.19,15.12,0.07,0.46,614087.00,933035.04
000001.SZ,20200928,15.19,15.37,14.98,15.31,15.19,0.12,0.79,612711.11,932800.77
000001.SZ,20200929,15.39,15.41,14.76,14.8,15.31,-0.51,-3.33,1182374.40,1766848.54
000001.SZ,20200930,14.8,15.27,14.8,15.17,14.8,0.37,2.50,1217064.82,1838547.60
000001.SZ,20201009,15.3,15.55,15.13,15.18,15.17,0.01,0.07,900425.93,1376995.91
000001.SZ,20201012,15.22,16.05,15.21,15.9,15.18,0.72,4.74,1591347.15,2509002.89
000001.SZ,20201013,15.9,16.11,15.77,16.06,15.9,0.16,1.01,908819.48,1453986.34
000001.SZ,20201014,16.04,16.12,15.8,16.03,16.06,-0.03,-0.19,662562.36,1057937.82
000001.SZ,20201015,16.2,16.92,16.15,16.56,16.03,0.53,3.31,1600062.32,2654379.59
000001.SZ,20201016,16.56,17.37,16.54,17.1,16.56,0.54,3.26,2095614.19,3589229.56
000001.SZ,20201019,17.3,18.1,17.3,17.48,17.1,0.38,2.22,2016105.52,3571336.01
000001.SZ,20201020,17.48,17.6,17.25,17.54,17.48,0.06,0.34,960071.95,1673173.36
000001.SZ,20201021,17.64,18,17.33,17.91,17.54,0.37,2.11,1244560.18,2204040.36
000001.SZ,20201022,17.94,18.5,17.3,17.56,17.91,-0.35,-1.95,1890519.05,3342069.01
000001.SZ,20201023,17.53,18.78,17.53,18.13,17.56,0.57,3.25,1698501.68,3105623.95
000001.SZ,20201026,18.2,18.29,17.45,17.7,18.13,-0.43,-2.37,1175598.65,2085800.60
000001.SZ,20201027,18,18,17.5,17.76,17.7,0.06,0.34,1034865.04,1839243.22
000001.SZ,20201028,17.76,17.9,17.29,17.63,17.76,-0.13,-0.73,1205823.86,2125604.54
000001.SZ,20201029,17.54,17.93,17.35,17.77,17.63,0.14,0.79,846603.62,1498040.95
000001.SZ,20201030,17.74,18.36,17.6,17.75,17.77,-0.02,-0.11,1007803.83,1813064.34
000001.SZ,20201102,17.65,18.05,17.33,17.63,17.75,-0.12,-0.68,968452.77,1702741.44
000001.SZ,20201103,17.71,18.34,17.7,17.96,17.63,0.33,1.87,957868.63,1727488.48
000001.SZ,20201104,18.35,18.48,17.96,18.32,17.96,0.36,2.00,1247636.40,2275824.96
000001.SZ,20201105,18.37,18.5,17.54,17.7,18.32,-0.62,-3.38,1429469.44,2558562.45
000001.SZ,20201106,17.71,17.75,17.22,17.64,17.7,-0.06,-0.34,848781.53,1486492.21
000001.SZ,20201109,17.67,18,17.54,17.84,17.64,0.2,1.13,951424.32,1688807.40
000001.SZ,20201110,18,18.5,17.93,18.11,17.84,0.27,1.51,1021062.81,1854142.81
000001.SZ,20201111,18.2,18.3,17.6,17.81,18.11,-0.3,-1.66,940130.07,1677811.48
000001.SZ,20201112,17.81,17.94,17.45,17.66,17.81,-0.15,-0.84,677258.48,1197284.18
000001.SZ,20201113,17.42,17.47,16.69,17.18,17.66,-0.48,-2.72,1289189.23,2191492.02
000001.SZ,20201116,17.08,17.43,16.9,17.37,17.18,0.19,1.11,759856.93,1308190.46
000001.SZ,20201117,17.38,17.93,17.25,17.83,17.37,0.46,2.65,852930.51,1509511.58
000001.SZ,20201118,17.78,18.5,17.75,18.46,17.83,0.63,3.53,1373400.72,2508632.64
000001.SZ,20201119,18.59,18.98,18.3,18.85,18.46,0.39,2.11,1211740.62,2270476.47
000001.SZ,20201120,18.83,18.99,18.52,18.86,18.85,0.01,0.05,673919.22,1265262.92
000001.SZ,20201123,18.85,19.62,18.8,19.62,18.86,0.76,4.03,1165858.26,2252290.58
000001.SZ,20201124,19.62,19.68,19.17,19.36,19.62,-0.26,-1.33,678543.23,1313496.14
000001.SZ,20201125,19.48,19.7,19.05,19.06,19.36,-0.3,-1.55,552585.01,1068352.01
000001.SZ,20201126,19.05,19.61,19.03,19.5,19.06,0.44,2.31,639657.89,1240074.38
000001.SZ,20201127,20,20,19.38,19.7,19.5,0.2,1.03,753773.74,1479430.64
000001.SZ,20201130,19.9,20.88,19.59,19.74,19.7,0.04,0.20,1581441.28,3213680.47
000001.SZ,20201201,19.7,20.51,19.4,20.05,19.74,0.31,1.57,1263719.75,2516010.78
000001.SZ,20201202,19.93,20.06,19.52,19.63,20.05,-0.42,-2.09,889385.29,1758639.19
000001.SZ,20201203,19.78,19.86,19.17,19.54,19.63,-0.09,-0.46,714452.30,1393085.02
000001.SZ,20201204,19.47,19.47,18.97,19.3,19.54,-0.24,-1.23,891347.84,1707639.07
000001.SZ,20201207,19.31,19.39,18.68,18.91,19.3,-0.39,-2.02,873806.61,1655173.47
000001.SZ,20201208,18.92,19.03,18.53,18.71,18.91,-0.2,-1.06,719647.51,1345951.73
000001.SZ,20201209,18.79,19.05,18.68,18.71,18.71,0,0.00,677221.15,1277484.44
000001.SZ,20201210,18.73,18.88,18.45,18.65,18.71,-0.06,-0.32,607866.55,1130916.25
000001.SZ,20201211,18.71,18.8,18.22,18.52,18.65,-0.13,-0.70,887793.87,1642392.31
000001.SZ,20201214,18.6,19.06,18.5,18.88,18.52,0.36,1.94,835991.74,1575396.01
000001.SZ,20201215,18.8,18.85,18.15,18.74,18.88,-0.14,-0.74,788857.94,1458268.62
000001.SZ,20201216,18.8,19.1,18.58,19.01,18.74,0.27,1.44,689070.42,1302133.82
000001.SZ,20201217,18.91,19.07,18.6,18.95,19.01,-0.06,-0.32,686140.69,1294658.30
000001.SZ,20201218,19,19.1,18.23,18.36,18.95,-0.59,-3.11,1058756.36,1959764.07
000001.SZ,20201221,18.3,18.64,18.03,18.28,18.36,-0.08,-0.44,906878.11,1662649.81
000001.SZ,20201222,18.36,18.65,17.88,17.9,18.28,-0.38,-2.08,1028737.51,1873638.73
000001.SZ,20201223,17.96,18.07,17.79,18,17.9,0.1,0.56,750082.73,1345650.74
000001.SZ,20201224,18.15,18.49,18.05,18.26,18,0.26,1.44,632950.12,1155767.28
000001.SZ,20201225,18.26,18.26,17.8,18.04,18.26,-0.22,-1.20,577077.33,1038128.20
000001.SZ,20201228,18.02,18.86,17.96,18.85,18.04,0.81,4.49,1270337.06,2352947.32
000001.SZ,20201229,18.87,19.3,18.7,19.17,18.85,0.32,1.70,963092.23,1837947.24
000001.SZ,20201230,19,19.2,18.72,19.2,19.17,0.03,0.16,978497.78,1854082.81
000001.SZ,20201231,19.21,19.58,19.02,19.34,19.2,0.14,0.73,924503.43,1781736.29
000001.SZ,20210104,19.1,19.1,18.44,18.6,19.34,-0.74,-3.83,1554216.43,2891682.31
000001.SZ,20210105,18.4,18.48,17.8,18.17,18.6,-0.43,-2.31,1821352.10,3284606.91
000001.SZ,20210106,18.08,19.56,18,19.56,18.17,1.39,7.65,1934945.12,3648521.91
000001.SZ,20210107,19.52,19.98,19.23,19.9,19.56,0.34,1.74,1584185.30,3111274.63
000001.SZ,20210108,19.9,20.1,19.31,19.85,19.9,-0.05,-0.25,1195473.22,2348316.36
000001.SZ,20210111,20,20.64,20,20.38,19.85,0.53,2.67,1790457.14,3652546.65
000001.SZ,20210112,20.39,21,20.18,21,20.38,0.62,3.04,1288165.50,2657687.44
000001.SZ,20210113,21,21.01,20.4,20.7,21,-0.3,-1.43,1049119.73,2161849.71
000001.SZ,20210114,20.68,20.89,19.95,20.17,20.7,-0.53,-2.56,1130155.62,2306404.55
000001.SZ,20210115,21,21.95,20.82,21,20.17,0.83,4.12,2480688.98,5311218.07
000001.SZ,20210118,21.2,22.78,21.2,22.7,21,1.7,8.10,2157301.78,4792909.45
000001.SZ,20210119,22.51,22.84,22.05,22.34,22.7,-0.36,-1.59,1242088.34,2790056.61
000001.SZ,20210120,22.15,22.97,22.12,22.47,22.34,0.13,0.58,1280793.16,2889249.85
000001.SZ,20210121,22.5,22.8,22.15,22.23,22.47,-0.24,-1.07,944778.60,2114252.73
000001.SZ,20210122,22.23,22.23,21.51,22.03,22.23,-0.2,-0.90,924434.42,2025834.76
000001.SZ,20210125,21.72,22.6,21.43,22.49,22.03,0.46,2.09,1028365.27,2269032.82
000001.SZ,20210126,22.3,23.32,22.3,22.37,22.49,-0.12,-0.53,1126720.55,2558575.51
000001.SZ,20210127,22.31,23.47,22.31,23.08,22.37,0.71,3.17,1294152.72,2976800.96
000001.SZ,20210128,22.78,23.18,22.45,22.81,23.08,-0.27,-1.17,857476.96,1948881.15
000001.SZ,20210129,22.81,23.54,22.71,23.09,22.81,0.28,1.23,1240258.41,2864101.42
000001.SZ,20210201,23,24.99,22.7,24.55,23.09,1.46,6.32,1475239.30,3529556.99
000001.SZ,20210202,23.38,24.1,22.91,23.28,24.55,-1.27,-5.17,2416168.77,5679179.94
000001.SZ,20210203,23.48,25.18,23.38,24.95,23.28,1.67,7.17,1923271.59,4690176.49
000001.SZ,20210204,24.18,25.24,24.04,24.6,24.95,-0.35,-1.40,1255247.50,3084553.75
000001.SZ,20210205,24.6,25.31,24.27,24.93,24.6,0.33,1.34,1015575.59,2517804.16
000001.SZ,20210208,24.9,24.9,24.1,24.8,24.93,-0.13,-0.52,1084264.67,2650948.25
000001.SZ,20210209,24.79,24.84,24.17,24.58,24.8,-0.22,-0.89,942093.55,2302978.16
000001.SZ,20210210,24.6,24.96,23.38,23.82,24.58,-0.76,-3.09,1918867.10,4569741.96
000001.SZ,20210218,24,24.55,23.48,24.3,23.82,0.48,2.02,1505230.81,3619387.65
000001.SZ,20210219,23.96,24.19,23.57,23.85,24.3,-0.45,-1.85,922583.14,2197558.29
000001.SZ,20210222,23.8,23.8,22.26,22.38,23.85,-1.47,-6.16,1956842.48,4445818.55
000001.SZ,20210223,22.38,22.68,21.82,21.93,22.38,-0.45,-2.01,1870460.13,4160776.61
000001.SZ,20210224,22.27,22.28,21.56,22.16,21.93,0.23,1.05,1428499.85,3144209.05
000001.SZ,20210225,22.4,22.56,21.68,22.09,22.16,-0.07,-0.32,1593403.47,3524600.79
000001.SZ,20210226,21.6,21.96,21.21,21.38,22.09,-0.71,-3.21,1124977.30,2424653.75
000001.SZ,20210301,21.54,21.68,21.18,21.45,21.38,0.07,0.33,1125386.53,2408050.91
000001.SZ,20210302,21.62,22.15,21.26,21.65,21.45,0.2,0.93,1473425.05,3196536.98
000001.SZ,20210303,21.58,23.08,21.46,23.01,21.65,1.36,6.28,1919635.27,4320024.43
000001.SZ,20210304,22.77,23.49,22.65,22.92,23.01,-0.09,-0.39,1213579.37,2799747.15
000001.SZ,20210305,22.7,22.98,21.86,22.34,22.92,-0.58,-2.53,880171.41,1960439.12
000001.SZ,20210308,22.44,22.69,21.48,21.6,22.34,-0.74,-3.31,993773.97,2189190.96
000001.SZ,20210309,21.68,21.92,20.58,20.85,21.6,-0.75,-3.47,1361895.33,2882931.93
000001.SZ,20210310,20.84,20.91,20.28,20.4,20.85,-0.45,-2.16,1149416.57,2356185.00
000001.SZ,20210311,20.58,21.38,20.56,21.27,20.4,0.87,4.26,1048659.39,2213107.79
000001.SZ,20210312,21.37,21.7,21.2,21.48,21.27,0.21,0.99,697200.60,1494219.08
000001.SZ,20210315,21.4,22.12,21.11,21.6,21.48,0.12,0.56,958748.70,2077984.89
000001.SZ,20210316,21.6,22.11,21.27,21.66,21.6,0.06,0.28,939684.32,2038470.66
000001.SZ,20210317,21.45,21.55,20.9,21.2,21.66,-0.46,-2.12,821488.65,1738185.86
000001.SZ,20210318,21.3,21.73,21,21.73,21.2,0.53,2.50,691610.19,1483801.55
000001.SZ,20210319,21.53,21.65,20.37,20.47,21.73,-1.26,-5.80,1525622.27,3159181.04
000001.SZ,20210322,20.55,21.55,20.53,21.55,20.47,1.08,5.28,1451190.08,3087549.48
000001.SZ,20210323,21.57,21.65,20.96,21.23,21.55,-0.32,-1.48,682903.38,1448043.61
000001.SZ,20210324,21.21,21.28,20.45,20.53,21.23,-0.7,-3.30,850085.07,1757688.57
000001.SZ,20210325,20.58,20.83,20.4,20.75,20.53,0.22,1.07,492665.74,1017166.05
000001.SZ,20210326,20.84,21.4,20.76,21.14,20.75,0.39,1.88,822108.06,1733412.58
000001.SZ,20210329,21.28,21.65,21.2,21.49,21.14,0.35,1.66,785666.68,1684397.87
000001.SZ,20210330,21.38,21.93,21.21,21.93,21.49,0.44,2.05,738654.81,1601238.50
000001.SZ,20210331,21.77,22.07,21.6,22.01,21.93,0.08,0.36,777028.07,1699922.18
000001.SZ,20210401,22.08,22.11,21.5,21.78,22.01,-0.23,-1.05,544448.98,1183868.02
000001.SZ,20210402,21.7,21.73,21.36,21.5,21.78,-0.28,-1.29,581083.52,1249405.39
000001.SZ,20210406,21.55,22.09,21.51,21.68,21.5,0.18,0.84,401102.82,873387.02
000001.SZ,20210407,21.88,21.93,21.31,21.64,21.68,-0.04,-0.18,517604.59,1116774.45
000001.SZ,20210408,21.46,21.73,21.33,21.56,21.64,-0.08,-0.37,383029.50,825170.84
000001.SZ,20210409,21.71,21.72,21.08,21.3,21.56,-0.26,-1.21,398960.28,849870.88
000001.SZ,20210412,21.51,21.51,20.63,20.7,21.3,-0.6,-2.82,594743.14,1240067.32
000001.SZ,20210413,20.72,20.88,20.59,20.78,20.7,0.08,0.39,499904.18,1036992.69
000001.SZ,20210414,20.79,20.94,20.42,20.67,20.78,-0.11,-0.53,537438.49,1113001.54
000001.SZ,20210415,20.76,20.77,20.08,20.36,20.67,-0.31,-1.50,735865.05,1494016.04
000001.SZ,20210416,20.36,20.43,19.81,20.26,20.36,-0.1,-0.49,729998.26,1466509.06
000001.SZ,20210419,20.03,21.24,19.91,21.15,20.26,0.89,4.39,1112282.62,2304021.48
000001.SZ,20210420,21.08,21.95,20.92,21.69,21.15,0.54,2.55,834772.72,1798249.02
000001.SZ,20210421,22.3,23.19,22.29,23.01,21.69,1.32,6.09,1597099.65,3644577.54
000001.SZ,20210422,23.19,23.23,22.78,22.98,23.01,-0.03,-0.13,829693.88,1905208.91
000001.SZ,20210423,23.32,23.65,23.07,23.29,22.98,0.31,1.35,823230.15,1920413.50
000001.SZ,20210426,23.87,24.23,22.9,22.94,23.29,-0.35,-1.50,872417.67,2037109.60
000001.SZ,20210427,22.95,23.19,22.86,22.94,22.94,0,0.00,470431.40,1083043.58
000001.SZ,20210428,23.29,23.45,22.78,23.35,22.94,0.41,1.79,593837.93,1375141.41
000001.SZ,20210429,23.34,23.71,23.11,23.59,23.35,0.24,1.03,614836.88,1439823.97
000001.SZ,20210430,23.35,23.49,23.01,23.29,23.59,-0.3,-1.27,561981.32,1308177.20
000001.SZ,20210506,23.1,23.7,23.1,23.5,23.29,0.21,0.90,500295.22,1174181.61
000001.SZ,20210507,23.67,24.3,23.39,24.05,23.5,0.55,2.34,802214.21,1929112.37
000001.SZ,20210510,24,24.04,23.02,23.86,24.05,-0.19,-0.79,661438.90,1566860.76
000001.SZ,20210511,23.62,23.75,23.06,23.53,23.86,-0.33,-1.38,497223.45,1161846.40
000001.SZ,20210512,23.29,23.64,22.88,23.55,23.53,0.02,0.09,533265.26,1245517.72
000001.SZ,20210513,23.52,23.59,22.84,23.07,23.55,-0.48,-2.04,549652.50,1271946.30
000001.SZ,20210514,23.14,23.43,22.6,23.32,22.89,0.43,1.88,563785.36,1300250.94
000001.SZ,20210517,23.15,23.82,22.95,23.6,23.32,0.28,1.20,527564.65,1241605.19
000001.SZ,20210518,23.85,24.11,23.4,23.9,23.6,0.3,1.27,395414.98,939786.73
000001.SZ,20210519,23.82,24.13,23.52,23.6,23.9,-0.3,-1.26,429420.33,1022553.74
000001.SZ,20210520,23.41,23.84,23.27,23.82,23.6,0.22,0.93,405788.37,957478.85
000001.SZ,20210521,23.88,24.09,23.03,23.49,23.82,-0.33,-1.39,539335.74,1263058.11
000001.SZ,20210524,23.48,23.6,23.19,23.48,23.49,-0.01,-0.04,343935.63,806092.21
000001.SZ,20210525,23.54,24.73,23.45,24.6,23.48,1.12,4.77,972374.62,2363145.90
000001.SZ,20210526,24.64,25.12,24.5,25.01,24.6,0.41,1.67,919263.78,2286540.25
000001.SZ,20210527,24.91,25.16,24.52,24.79,25.01,-0.22,-0.88,504091.36,1246712.05
000001.SZ,20210528,24.68,24.71,24.16,24.5,24.79,-0.29,-1.17,492400.73,1200523.32
000001.SZ,20210531,24.33,24.53,23.91,24.2,24.5,-0.3,-1.22,515350.81,1244209.05
000001.SZ,20210601,24.2,24.25,23.5,23.92,24.2,-0.28,-1.16,625017.96,1490476.62
000001.SZ,20210602,23.89,23.92,23.38,23.89,23.92,-0.03,-0.13,497527.02,1176608.13
000001.SZ,20210603,23.72,24.14,23.68,23.77,23.89,-0.12,-0.50,400900.85,958876.47
000001.SZ,20210604,23.99,24.96,23.8,24.54,23.77,0.77,3.24,756739.42,1851425.84
000001.SZ,20210607,24.48,24.48,23.93,24.3,24.54,-0.24,-0.98,447914.10,1081738.83
000001.SZ,20210608,24.15,24.57,23.95,24.53,24.3,0.23,0.95,570077.92,1384120.30
000001.SZ,20210609,24.43,24.88,24.18,24.65,24.53,0.12,0.49,453831.50,1116771.38
000001.SZ,20210610,24.66,25.06,24.15,24.2,24.65,-0.45,-1.83,530215.16,1294972.57
000001.SZ,20210611,24.31,24.35,23.12,23.37,24.2,-0.83,-3.43,834665.04,1965393.12
000001.SZ,20210615,23.35,23.43,22.8,23.22,23.37,-0.15,-0.64,660622.59,1524503.48
000001.SZ,20210616,23.22,23.4,23.01,23.26,23.22,0.04,0.17,378208.04,878470.83
000001.SZ,20210617,23.02,23.69,23.02,23.1,23.26,-0.16,-0.69,453282.09,1059121.80
000001.SZ,20210618,23.13,23.28,22.39,22.65,23.1,-0.45,-1.95,694099.30,1574437.73
000001.SZ,20210621,22.6,22.67,22.01,22.16,22.65,-0.49,-2.16,718272.74,1600119.86
000001.SZ,20210622,22.38,23.09,22.25,22.97,22.16,0.81,3.66,757751.41,1720058.05
000001.SZ,20210623,22.85,23.41,22.72,23.14,22.97,0.17,0.74,447907.78,1035835.70
000001.SZ,20210624,23.03,23.12,22.68,23.08,23.14,-0.06,-0.26,390283.49,894502.11
000001.SZ,20210625,23.08,23.6,23.06,23.36,23.08,0.28,1.21,559972.95,1310287.39
000001.SZ,20210628,23.36,23.39,22.48,22.78,23.36,-0.58,-2.48,626257.37,1425702.20
000001.SZ,20210629,22.58,22.79,22,22.34,22.78,-0.44,-1.93,1049749.39,2341926.37
000001.SZ,20210630,22.36,22.93,22.35,22.62,22.34,0.28,1.25,403435.46,913285.19
000001.SZ,20210701,22.81,23.5,22.52,23.2,22.62,0.58,2.56,664833.30,1530548.80
000001.SZ,20210702,22.72,22.74,21.76,21.81,23.2,-1.39,-5.99,1070677.56,2360189.79
000001.SZ,20210705,21.69,22.15,21.09,22.06,21.81,0.25,1.15,859341.29,1859394.32
000001.SZ,20210706,22.08,23,21.85,22.78,22.06,0.72,3.26,791957.26,1784792.79
000001.SZ,20210707,22.68,23.05,22.5,22.55,22.78,-0.23,-1.01,468944.87,1063910.10
000001.SZ,20210708,22.78,22.78,21.2,21.51,22.55,-1.04,-4.61,1457059.47,3140657.44
000001.SZ,20210709,21.3,21.63,21.02,21.27,21.51,-0.24,-1.12,762364.74,1625461.61
000001.SZ,20210712,21.5,21.5,20.89,21.16,21.27,-0.11,-0.52,877901.02,1859059.51
000001.SZ,20210713,21.15,21.34,20.54,21.12,21.16,-0.04,-0.19,657613.95,1382029.13
000001.SZ,20210714,21,21,20.41,20.76,21.12,-0.36,-1.70,847950.55,1755810.88
000001.SZ,20210715,20.72,21.72,20.63,21.62,20.76,0.86,4.14,956003.05,2040266.26
000001.SZ,20210716,21.41,21.82,21.3,21.34,21.62,-0.28,-1.30,573002.61,1230180.81
000001.SZ,20210719,21.36,21.43,20.78,21.21,21.34,-0.13,-0.61,522135.95,1098434.74
000001.SZ,20210720,21.1,21.2,20.47,20.6,21.21,-0.61,-2.88,804034.33,1665315.55
000001.SZ,20210721,20.58,20.8,20.2,20.45,20.6,-0.15,-0.73,753076.52,1535327.56
000001.SZ,20210722,20.45,20.66,20.24,20.38,20.45,-0.07,-0.34,868648.09,1773999.33
000001.SZ,20210723,20.38,20.38,20,20.1,20.38,-0.28,-1.37,727404.33,1461467.51
000001.SZ,20210726,19.96,19.99,18.43,18.8,20.1,-1.3,-6.47,1451303.94,2770236.70
000001.SZ,20210727,18.87,18.99,17.6,17.76,18.8,-1.04,-5.53,1357551.48,2461708.37
000001.SZ,20210728,17.85,18.07,17.68,17.75,17.76,-0.01,-0.06,1062994.21,1898562.59
000001.SZ,20210729,17.91,18.24,17.78,17.96,17.75,0.21,1.18,872378.12,1566107.82
000001.SZ,20210730,17.92,18.05,17.24,17.69,17.96,-0.27,-1.50,950155.88,1679747.32
000001.SZ,20210802,17.64,18.14,17.18,18.01,17.69,0.32,1.81,1159922.63,2056014.24
000001.SZ,20210803,17.99,18.15,17.66,17.89,18.01,-0.12,-0.67,896948.57,1609422.58
000001.SZ,20210804,18.04,18.07,17.6,17.81,17.89,-0.08,-0.45,729620.08,1300164.29
000001.SZ,20210805,17.7,18.05,17.58,17.68,17.81,-0.13,-0.73,621573.88,1104903.00
000001.SZ,20210806,17.55,17.9,17.45,17.86,17.68,0.18,1.02,567454.13,1005870.95
000001.SZ,20210809,17.91,19.25,17.84,19.06,17.86,1.2,6.72,1752798.00,3313803.23
000001.SZ,20210810,19.09,19.98,18.9,19.73,19.06,0.67,3.52,1301988.44,2535427.99
000001.SZ,20210811,19.99,20.58,19.7,19.81,19.73,0.08,0.41,1048308.44,2104975.14
000001.SZ,20210812,19.79,20.3,19.63,19.89,19.81,0.08,0.40,666458.00,1330388.05
000001.SZ,20210813,19.78,19.92,19.5,19.89,19.89,0,0.00,562885.02,1110191.40
000001.SZ,20210816,20.09,20.2,19.57,19.95,19.89,0.06,0.30,627050.22,1247681.17
000001.SZ,20210817,19.85,20.22,19.61,19.67,19.95,-0.28,-1.40,476021.94,947385.52
000001.SZ,20210818,19.67,21.2,19.55,20.62,19.67,0.95,4.83,1332732.16,2732213.55
000001.SZ,20210819,20.48,20.62,20.02,20.34,20.62,-0.28,-1.36,649975.61,1315320.35
000001.SZ,20210820,19.97,20.07,18.7,19.42,20.34,-0.92,-4.52,1614627.93,3119152.55
000001.SZ,20210823,19.5,20.05,19.11,19.3,19.42,-0.12,-0.62,1191849.35,2315871.65
000001.SZ,20210824,19.35,19.97,19.21,19.36,19.3,0.06,0.31,868953.30,1690760.84
000001.SZ,20210825,19.42,19.47,18.95,19.16,19.36,-0.2,-1.03,698083.97,1341330.42
000001.SZ,20210826,19.2,19.26,18.41,18.46,19.16,-0.7,-3.65,951619.00,1783725.04
000001.SZ,20210827,18.56,18.88,18.31,18.39,18.46,-0.07,-0.38,728820.23,1354408.98
000001.SZ,20210830,18.21,18.29,17.55,17.72,18.39,-0.67,-3.64,1252211.01,2221855.86
000001.SZ,20210831,17.72,17.93,17.31,17.8,17.72,0.08,0.45,1174867.86,2072006.84
000001.SZ,20210901,17.48,17.92,17.01,17.88,17.8,0.08,0.45,2316894.09,4046284.16
000001.SZ,20210902,18,18.78,17.8,18.4,17.88,0.52,2.91,2422603.54,4454545.28
000001.SZ,20210903,18.5,18.5,17.7,18.04,18.4,-0.36,-1.96,1394818.71,2523273.16
000001.SZ,20210906,17.93,18.6,17.78,18.45,18.04,0.41,2.27,1515225.56,2780281.08
000001.SZ,20210907,18.6,19.56,18.35,19.24,18.45,0.79,4.28,1622344.16,3067365.67
000001.SZ,20210908,19.24,19.55,19.1,19.23,19.24,-0.01,-0.05,1026201.05,1979771.48
000001.SZ,20210909,19.11,19.15,18.8,19,19.23,-0.23,-1.20,739505.85,1399536.02
000001.SZ,20210910,18.89,20.77,18.84,20.57,19,1.57,8.26,2314945.28,4668361.83
000001.SZ,20210913,20.36,20.51,19.81,20.21,20.57,-0.36,-1.75,1297228.02,2606152.38
000001.SZ,20210914,20.18,20.27,19.27,19.37,20.21,-0.84,-4.16,1158173.15,2272080.16
000001.SZ,20210915,19.31,20.99,19.19,19.52,19.37,0.15,0.77,841618.41,1639298.36
000001.SZ,20210916,19.3,19.5,18.73,19.08,19.52,-0.44,-2.25,1176953.56,2234474.95
000001.SZ,20210917,18.9,19,18.41,18.53,19.08,-0.55,-2.88,1124879.63,2098715.20
000001.SZ,20210922,17.87,18.05,17.42,17.98,18.53,-0.55,-2.97,1473365.21,2616707.24
000001.SZ,20210923,18.1,18.32,17.65,17.68,17.98,-0.3,-1.67,1379837.59,2465683.70
000001.SZ,20210924,17.6,17.68,17.34,17.35,17.68,-0.33,-1.87,1265696.28,2209461.93
000001.SZ,20210927,17.21,17.68,17.06,17.57,17.35,0.22,1.27,1140667.59,1979196.74
000001.SZ,20210928,17.47,18.17,17.45,17.97,17.57,0.4,2.28,1293167.47,2311265.54
000001.SZ,20210929,17.86,18.44,17.71,18.15,17.97,0.18,1.00,1230121.75,2225416.49
000001.SZ,20210930,18.09,18.2,17.71,17.93,18.15,-0.22,-1.21,795611.05,1424675.92
000001.SZ,20211008,18.17,18.89,18.02,18.64,17.93,0.71,3.96,1159200.62,2146983.88
000001.SZ,20211011,19,19.74,19,19.4,18.64,0.76,4.08,1455338.35,2829310.84
000001.SZ,20211012,19.3,19.71,19.2,19.35,19.4,-0.05,-0.26,1031232.18,2004823.97
000001.SZ,20211013,19.3,19.91,19.17,19.58,19.35,0.23,1.19,807896.68,1577612.47
000001.SZ,20211014,19.59,19.92,18.89,19.21,19.58,-0.37,-1.89,842989.87,1623970.43
000001.SZ,20211015,19,19.9,19,19.66,19.21,0.45,2.34,993493.78,1948647.24
000001.SZ,20211018,19.45,19.55,19.1,19.29,19.66,-0.37,-1.88,729622.50,1408737.78
000001.SZ,20211019,19.15,19.68,19.15,19.57,19.29,0.28,1.45,682415.15,1330501.30
000001.SZ,20211020,19.75,19.78,19.19,19.24,19.57,-0.33,-1.69,662955.55,1283356.22
000001.SZ,20211021,19.52,20.06,19.25,20,19.24,0.76,3.95,1621661.01,3198266.22
000001.SZ,20211022,20.16,20.59,19.8,20.04,20,0.04,0.20,1134963.63,2287284.92
000001.SZ,20211025,19.71,20.2,19.5,20.12,20.04,0.08,0.40,730828.23,1458800.09
000001.SZ,20211026,20.06,20.45,19.86,20.05,20.12,-0.07,-0.35,652806.84,1313475.88
000001.SZ,20211027,20,20.17,19.59,19.92,20.05,-0.13,-0.65,687600.19,1365982.83
000001.SZ,20211028,19.8,19.94,19.37,19.72,19.92,-0.2,-1.00,619010.89,1211946.11
000001.SZ,20211029,19.63,19.74,19.32,19.5,19.72,-0.22,-1.12,539929.76,1052760.27
000001.SZ,20211101,19.33,19.73,19.01,19.39,19.5,-0.11,-0.56,841490.20,1626762.03
000001.SZ,20211102,19.37,19.49,17.99,18.18,19.39,-1.21,-6.24,1997690.50,3691356.32
000001.SZ,20211103,18.1,18.24,17.85,18.03,18.18,-0.15,-0.83,1114972.04,2009325.07
000001.SZ,20211104,18.08,18.1,17.8,17.87,18.03,-0.16,-0.89,983410.98,1760671.90
000001.SZ,20211105,17.85,18,17.57,17.64,17.87,-0.23,-1.29,1096039.88,1942415.61
000001.SZ,20211108,17.62,17.81,17.36,17.42,17.64,-0.22,-1.25,1376814.82,2406417.77
000001.SZ,20211109,17.48,17.65,17.26,17.53,17.42,0.11,0.63,1240572.75,2163193.12
000001.SZ,20211110,17.46,17.47,17.16,17.4,17.53,-0.13,-0.74,1220850.88,2109735.15
000001.SZ,20211111,17.35,18.43,17.32,18.35,17.4,0.95,5.46,2084729.00,3752413.86
000001.SZ,20211112,18.31,18.63,18.11,18.27,18.35,-0.08,-0.44,957546.46,1753072.72
000001.SZ,20211115,18.35,18.63,18.2,18.43,18.27,0.16,0.88,655089.99,1203764.10
000001.SZ,20211116,18.36,18.54,18.17,18.22,18.43,-0.21,-1.14,601110.48,1099113.41
000001.SZ,20211117,18.15,18.3,17.98,18.11,18.22,-0.11,-0.60,664640.38,1203859.18
000001.SZ,20211118,18.09,18.12,17.73,17.8,18.11,-0.31,-1.71,799843.77,1430058.31
000001.SZ,20211119,17.8,18.24,17.7,18.15,17.8,0.35,1.97,786371.56,1414506.38
000001.SZ,20211122,18.03,18.25,17.9,18.12,18.15,-0.03,-0.17,738617.80,1337768.17
000001.SZ,20211123,18.11,18.35,17.68,17.88,18.12,-0.24,-1.32,1235977.96,2213817.59
000001.SZ,20211124,17.77,17.95,17.66,17.87,17.88,-0.01,-0.06,741310.84,1316774.40
000001.SZ,20211125,17.74,17.79,17.63,17.68,17.87,-0.19,-1.06,603532.70,1068221.30
000001.SZ,20211126,17.62,17.67,17.52,17.58,17.68,-0.1,-0.57,694499.88,1219937.31
000001.SZ,20211129,17.41,17.57,17.36,17.51,17.58,-0.07,-0.40,512594.71,895105.98
000001.SZ,20211130,17.54,17.68,17.35,17.44,17.51,-0.07,-0.40,733616.06,1280384.55
000001.SZ,20211201,17.43,17.77,17.37,17.64,17.44,0.2,1.15,706925.19,1243666.84
000001.SZ,20211202,17.62,17.81,17.37,17.59,17.64,-0.05,-0.28,994798.35,1749164.56
000001.SZ,20211203,17.64,17.7,17.41,17.65,17.59,0.06,0.34,707599.74,1242375.06
000001.SZ,20211206,17.85,18.56,17.8,18.1,17.65,0.45,2.55,2145625.28,3896385.17
000001.SZ,20211207,18.3,18.67,18.15,18.46,18.1,0.36,1.99,1616443.87,2979968.98
000001.SZ,20211208,18.45,18.55,18.16,18.47,18.46,0.01,0.05,980281.18,1798691.05
000001.SZ,20211209,18.49,19.06,18.37,18.7,18.47,0.23,1.25,1455886.68,2726663.44
000001.SZ,20211210,18.51,18.7,18.27,18.38,18.7,-0.32,-1.71,989255.13,1824076.52
000001.SZ,20211213,18.47,18.88,18.18,18.27,18.38,-0.11,-0.60,1314490.27,2427803.72
000001.SZ,20211214,18.16,18.17,17.52,17.58,18.27,-0.69,-3.78,1937208.90,3434156.33
000001.SZ,20211215,17.51,17.66,17.4,17.55,17.58,-0.03,-0.17,1294627.41,2269821.05
000001.SZ,20211216,17.55,17.73,17.46,17.72,17.55,0.17,0.97,819479.51,1445483.38
000001.SZ,20211217,17.7,17.75,17.57,17.57,17.72,-0.15,-0.85,602369.67,1062875.48
000001.SZ,20211220,17.56,17.65,17.45,17.52,17.57,-0.05,-0.28,746435.20,1309029.27
000001.SZ,20211221,17.49,17.71,17.48,17.59,17.52,0.07,0.40,893734.04,1572895.58
000001.SZ,20211222,17.62,17.64,17.3,17.39,17.59,-0.2,-1.14,976927.75,1701772.58
000001.SZ,20211223,17.4,17.43,17.21,17.32,17.39,-0.07,-0.40,1059575.94,1831122.72
000001.SZ,20211224,17.33,17.35,17.21,17.31,17.32,-0.01,-0.06,488251.49,843109.66
000001.SZ,20211227,17.33,17.35,17.16,17.22,17.31,-0.09,-0.52,731118.99,1260455.32
000001.SZ,20211228,17.22,17.33,17.09,17.17,17.22,-0.05,-0.29,1126638.91,1934461.08
000001.SZ,20211229,17.16,17.16,16.7,16.75,17.17,-0.42,-2.45,1469373.98,2480534.59
000001.SZ,20211230,16.76,16.95,16.72,16.82,16.75,0.07,0.42,796663.60,1342374.25
000001.SZ,20211231,16.86,16.9,16.4,16.48,16.82,-0.34,-2.02,1750760.89,2899617.15
000001.SZ,20220104,16.48,16.66,16.18,16.66,16.48,0.18,1.09,1169259.33,1918887.05
000001.SZ,20220105,16.58,17.22,16.55,17.15,16.66,0.49,2.94,1961998.17,3344124.59
000001.SZ,20220106,17.11,17.27,17,17.12,17.15,-0.03,-0.17,1107885.19,1896535.84
000001.SZ,20220107,17.1,17.28,17.06,17.2,17.12,0.08,0.47,1126630.70,1937710.96
000001.SZ,20220110,17.29,17.42,17.03,17.19,17.2,-0.01,-0.06,909774.01,1563414.57
000001.SZ,20220111,17.26,17.54,17.14,17.41,17.19,0.22,1.28,1581999.40,2752485.39
000001.SZ,20220112,17.41,17.45,16.9,17,17.41,-0.41,-2.36,1502163.55,2561266.41
000001.SZ,20220113,16.91,17.24,16.82,16.98,17,-0.02,-0.12,909422.65,1550319.16
000001.SZ,20220114,17,17.02,16.3,16.33,16.98,-0.65,-3.83,2103094.91,3459950.80
000001.SZ,20220117,16.35,16.48,16.12,16.22,16.33,-0.11,-0.67,1143689.43,1855633.79
000001.SZ,20220118,16.25,16.54,16.16,16.52,16.22,0.3,1.85,1152974.31,1891094.61
000001.SZ,20220119,16.54,16.69,16.36,16.5,16.52,-0.02,-0.12,988391.85,1630973.59
000001.SZ,20220120,16.47,17.46,16.42,17.33,16.5,0.83,5.03,3031193.77,5195805.55
000001.SZ,20220121,17.45,17.56,17.21,17.35,17.33,0.02,0.12,1481682.95,2575115.12
000001.SZ,20220124,17.34,17.38,16.98,17.2,17.35,-0.15,-0.86,874770.87,1501390.34
000001.SZ,20220125,17.08,17.08,16.81,16.85,17.2,-0.35,-2.03,1093283.97,1851999.03
000001.SZ,20220126,16.95,17.1,16.54,16.65,16.85,-0.2,-1.19,984975.22,1646384.98
000001.SZ,20220127,16.5,16.54,16.25,16.3,16.65,-0.35,-2.10,1024643.11,1677261.30
000001.SZ,20220128,16.39,16.45,15.82,15.83,16.3,-0.47,-2.88,1675563.67,2695470.33
000001.SZ,20220207,16.02,16.41,15.89,16.39,15.83,0.56,3.54,1515476.30,2451798.49
000001.SZ,20220208,16.3,16.97,16.26,16.83,16.39,0.44,2.68,1754695.28,2950309.01
000001.SZ,20220209,16.92,17,16.71,16.86,16.83,0.03,0.18,1051161.66,1774253.64
000001.SZ,20220210,16.77,17.03,16.67,16.99,16.86,0.13,0.77,784557.35,1326848.95
000001.SZ,20220211,17.03,17.34,17.03,17.1,16.99,0.11,0.65,1078139.14,1852167.49
000001.SZ,20220214,17.1,17.15,16.51,16.58,17.1,-0.52,-3.04,1150658.51,1917613.42
000001.SZ,20220215,16.5,16.67,16.1,16.28,16.58,-0.3,-1.81,1208264.37,1968985.38
000001.SZ,20220216,16.35,16.53,16.21,16.41,16.28,0.13,0.80,782399.59,1282234.15
000001.SZ,20220217,16.39,16.55,16.32,16.42,16.41,0.01,0.06,794501.84,1306514.35
000001.SZ,20220218,16.32,16.77,16.31,16.77,16.42,0.35,2.13,802499.40,1330233.37
000001.SZ,20220221,16.66,16.67,16.32,16.51,16.77,-0.26,-1.55,800994.55,1316023.72
000001.SZ,20220222,16.31,16.44,16.16,16.23,16.51,-0.28,-1.70,894956.73,1454156.22
000001.SZ,20220223,16.3,16.31,16.04,16.19,16.23,-0.04,-0.25,886742.44,1431289.85
000001.SZ,20220224,16.13,16.15,15.8,15.91,16.19,-0.28,-1.73,1324086.85,2112842.55
000001.SZ,20220225,15.99,16.08,15.87,15.9,15.91,-0.01,-0.06,726397.07,1157890.27
000001.SZ,20220228,15.9,15.92,15.62,15.75,15.9,-0.15,-0.94,723990.45,1137154.09
000001.SZ,20220301,15.79,15.95,15.62,15.92,15.75,0.17,1.08,935040.34,1474693.97
000001.SZ,20220302,15.79,15.87,15.66,15.68,15.92,-0.24,-1.51,760760.86,1196321.95
000001.SZ,20220303,15.73,15.81,15.63,15.71,15.68,0.03,0.19,578285.05,908171.59
000001.SZ,20220304,15.62,15.63,15.28,15.33,15.71,-0.38,-2.42,990935.66,1523793.66
000001.SZ,20220307,15.17,15.17,14.66,14.72,15.33,-0.61,-3.98,1113158.99,1655959.94
000001.SZ,20220308,14.62,14.86,14.25,14.31,14.72,-0.41,-2.79,1003032.69,1463145.93
000001.SZ,20220309,14.4,14.45,13.22,13.84,14.31,-0.47,-3.28,1800760.17,2492042.99
000001.SZ,20220310,14.18,14.75,14.09,14.57,13.84,0.73,5.27,2249158.16,3269867.79
000001.SZ,20220311,14.4,14.98,14.15,14.9,14.57,0.33,2.26,1493646.97,2187480.61
000001.SZ,20220314,14.63,14.93,14.45,14.49,14.9,-0.41,-2.75,1118407.34,1637278.47
000001.SZ,20220315,14.4,14.4,13.6,13.68,14.49,-0.81,-5.59,1781408.87,2479769.56
000001.SZ,20220316,13.86,14.4,13.51,14.31,13.68,0.63,4.61,1531779.06,2141637.07
000001.SZ,20220317,14.66,14.71,14.24,14.45,14.31,0.14,0.98,1730061.42,2506504.22
000001.SZ,20220318,14.36,14.85,14.14,14.7,14.45,0.25,1.73,1528807.13,2222158.76
000001.SZ,20220321,14.5,14.82,14.39,14.59,14.7,-0.11,-0.75,1208868.05,1765673.89
000001.SZ,20220322,14.59,15.22,14.5,15.18,14.59,0.59,4.04,1628656.58,2443174.06
000001.SZ,20220323,15.11,15.19,14.9,15,15.18,-0.18,-1.19,1050102.38,1577561.34
000001.SZ,20220324,14.92,15.31,14.81,15.2,15,0.2,1.33,1002359.95,1518870.08
000001.SZ,20220325,15.15,15.25,14.82,14.98,15.2,-0.22,-1.45,742933.35,1116354.60
000001.SZ,20220328,14.8,15.05,14.63,14.85,14.98,-0.13,-0.87,727136.99,1078327.30
000001.SZ,20220329,14.88,14.95,14.6,14.68,14.85,-0.17,-1.14,615643.15,909169.63
000001.SZ,20220330,14.86,15.27,14.76,15.21,14.68,0.53,3.61,1236791.55,1859617.04
000001.SZ,20220331,15.1,15.57,15.06,15.38,15.21,0.17,1.12,1163746.74,1789209.95
000001.SZ,20220401,15.37,15.79,15.2,15.75,15.38,0.37,2.41,1484878.74,2319616.86
000001.SZ,20220406,15.64,16.54,15.63,16.39,15.75,0.64,4.06,2488540.05,4064051.49
000001.SZ,20220407,16.38,16.66,16.2,16.28,16.39,-0.11,-0.67,1659064.55,2724002.90
000001.SZ,20220408,16.26,16.45,16.13,16.4,16.28,0.12,0.74,1066779.46,1741072.07
000001.SZ,20220411,16.35,16.4,15.8,16.05,16.4,-0.35,-2.13,1416735.36,2277469.06
000001.SZ,20220412,16.05,16.26,15.66,15.92,16.05,-0.13,-0.81,1039261.42,1654820.08
000001.SZ,20220413,15.89,16.08,15.72,15.8,15.92,-0.12,-0.75,890628.06,1415496.13
000001.SZ,20220414,16,16.25,15.92,16.04,15.8,0.24,1.52,929614.94,1493343.95
000001.SZ,20220415,15.9,16.53,15.86,16.42,16.04,0.38,2.37,1231761.03,2014010.09
000001.SZ,20220418,16.15,16.2,15.81,15.9,16.42,-0.52,-3.17,1086887.56,1734236.52
000001.SZ,20220419,15.9,15.97,15.62,15.81,15.9,-0.09,-0.57,821772.49,1294226.95
000001.SZ,20220420,15.81,16.05,15.7,15.85,15.81,0.04,0.25,716555.28,1137697.85
000001.SZ,20220421,15.77,15.98,15.7,15.81,15.85,-0.04,-0.25,709891.16,1124663.65
000001.SZ,20220422,15.64,16.19,15.4,16.06,15.81,0.25,1.58,921274.08,1468452.96
000001.SZ,20220425,15.67,15.91,14.78,14.85,16.06,-1.21,-7.53,1664480.98,2527610.22
000001.SZ,20220426,14.88,14.98,14.45,14.73,14.85,-0.12,-0.81,988209.56,1456929.63
000001.SZ,20220427,14.98,15.65,14.96,15.65,14.73,0.92,6.25,1490295.03,2296798.76
000001.SZ,20220428,15.57,15.93,15.37,15.65,15.65,0,0.00,911771.87,1426381.93
000001.SZ,20220429,15.69,15.74,14.97,15.32,15.65,-0.33,-2.11,1645013.08,2503476.83
000001.SZ,20220505,15.2,15.45,15.15,15.32,15.32,0,0.00,790196.20,1208735.14
000001.SZ,20220506,15.02,15.2,14.91,14.96,15.32,-0.36,-2.35,832431.82,1250995.59
000001.SZ,20220509,14.94,14.94,14.46,14.55,14.96,-0.41,-2.74,818621.35,1197104.25
000001.SZ,20220510,14.5,14.6,14.11,14.59,14.55,0.04,0.27,992285.02,1425836.93
000001.SZ,20220511,14.54,14.84,14.44,14.63,14.59,0.04,0.27,848573.62,1240700.43
000001.SZ,20220512,14.48,14.56,14.33,14.38,14.63,-0.25,-1.71,685064.23,987061.61
000001.SZ,20220513,14.5,14.66,14.49,14.61,14.38,0.23,1.60,676311.91,985962.93
000001.SZ,20220516,14.66,14.73,14.35,14.41,14.61,-0.2,-1.37,668227.82,965652.30
000001.SZ,20220517,14.51,14.72,14.32,14.71,14.41,0.3,2.08,931406.39,1357428.41
000001.SZ,20220518,14.85,14.89,14.67,14.75,14.71,0.04,0.27,778578.33,1150500.44
000001.SZ,20220519,14.55,14.7,14.5,14.62,14.75,-0.13,-0.88,590921.72,863214.13
000001.SZ,20220520,14.7,15.04,14.67,15.02,14.62,0.4,2.74,948597.78,1415164.71
000001.SZ,20220523,15.07,15.07,14.76,14.83,15.02,-0.19,-1.27,647725.92,962683.73
000001.SZ,20220524,14.87,14.87,14.4,14.4,14.83,-0.43,-2.90,933557.06,1358693.54
000001.SZ,20220525,14.43,14.49,14.3,14.39,14.4,-0.01,-0.07,603228.26,866228.92
000001.SZ,20220526,14.41,14.43,14.07,14.19,14.39,-0.2,-1.39,1011317.56,1435689.34
000001.SZ,20220527,14.29,14.35,14.11,14.18,14.19,-0.01,-0.07,723066.74,1029702.19
000001.SZ,20220530,14.26,14.28,14.04,14.08,14.18,-0.1,-0.71,896901.23,1265573.05
000001.SZ,20220531,14.07,14.18,14,14.16,14.08,0.08,0.57,938868.55,1325012.05
000001.SZ,20220601,14.14,14.14,14,14.08,14.16,-0.08,-0.57,845298.98,1187423.73
000001.SZ,20220602,14.02,14.03,13.88,13.95,14.08,-0.13,-0.92,979268.22,1363740.80
000001.SZ,20220606,13.91,14.17,13.64,14.17,13.95,0.22,1.58,1710851.75,2370807.61
000001.SZ,20220607,14.02,14.25,13.99,14.16,14.17,-0.01,-0.07,1315112.62,1860366.72
000001.SZ,20220608,14.16,14.17,14.01,14.16,14.16,0,0.00,1145521.24,1613524.96
000001.SZ,20220609,14.14,14.46,14.1,14.35,14.16,0.19,1.34,1632901.34,2339986.71
000001.SZ,20220610,14.26,14.33,14.13,14.32,14.35,-0.03,-0.21,1346012.31,1914639.70
000001.SZ,20220613,14.18,14.19,13.88,13.91,14.32,-0.41,-2.86,1547752.85,2163340.11
000001.SZ,20220614,13.71,14.13,13.71,14.12,13.91,0.21,1.51,1151429.39,1602169.90
000001.SZ,20220615,14.1,15.11,14.06,14.74,14.12,0.62,4.39,3413543.71,5010292.73
000001.SZ,20220616,14.74,14.83,14.42,14.44,14.74,-0.3,-2.04,1332546.31,1939976.26
000001.SZ,20220617,14.32,14.53,14.2,14.45,14.44,0.01,0.07,1053787.94,1513925.91
000001.SZ,20220620,14.44,14.44,14.26,14.34,14.45,-0.11,-0.76,1032166.80,1479529.79
000001.SZ,20220621,14.34,14.63,14.23,14.37,14.34,0.03,0.21,1321793.98,1905346.06
000001.SZ,20220622,14.36,14.36,14.08,14.08,14.37,-0.29,-2.02,1056045.92,1498415.78
000001.SZ,20220623,14.09,14.23,14.06,14.2,14.08,0.12,0.85,806028.03,1140899.09
000001.SZ,20220624,14.2,14.25,14.11,14.23,14.2,0.03,0.21,866040.61,1227798.69
000001.SZ,20220627,14.24,14.56,14.22,14.49,14.23,0.26,1.83,1497278.18,2166380.44
000001.SZ,20220628,14.47,14.67,14.41,14.63,14.49,0.14,0.97,1125110.48,1638673.24
000001.SZ,20220629,14.65,14.9,14.55,14.64,14.63,0.01,0.07,1266547.28,1865064.68
000001.SZ,20220630,14.63,15.02,14.55,14.98,14.64,0.34,2.32,1548745.01,2304888.69
000001.SZ,20220701,15,15.07,14.84,14.92,14.98,-0.06,-0.40,779243.32,1164030.78
000001.SZ,20220704,14.95,14.98,14.75,14.94,14.92,0.02,0.13,834968.07,1241453.40
000001.SZ,20220705,14.99,15.27,14.82,14.91,14.94,-0.03,-0.20,1115172.10,1674719.03
000001.SZ,20220706,14.83,14.93,14.46,14.53,14.91,-0.38,-2.55,1043335.23,1520022.52
000001.SZ,20220707,14.54,14.65,14.38,14.42,14.53,-0.11,-0.76,730160.98,1057696.55
000001.SZ,20220708,14.5,14.65,14.37,14.54,14.42,0.12,0.83,639698.23,928850.35
000001.SZ,20220711,14.5,14.57,14.36,14.46,14.54,-0.08,-0.55,611691.94,883613.75
000001.SZ,20220712,14.41,14.73,14.38,14.42,14.46,-0.04,-0.28,742882.42,1078431.99
000001.SZ,20220713,14.42,14.47,13.89,13.97,14.42,-0.45,-3.12,2175996.06,3056913.12
000001.SZ,20220714,13.7,13.71,13.29,13.37,13.97,-0.6,-4.29,2632120.87,3534578.70
000001.SZ,20220715,13.48,13.56,13.22,13.24,13.37,-0.13,-0.97,1598637.40,2139915.27
000001.SZ,20220718,13.25,13.44,13.21,13.39,13.24,0.15,1.13,1153505.81,1536340.97
000001.SZ,20220719,13.34,13.43,13.28,13.42,13.39,0.03,0.22,755597.10,1008562.42
000001.SZ,20220720,13.43,13.47,13.35,13.39,13.42,-0.03,-0.22,801458.66,1073936.30
000001.SZ,20220721,13.32,13.34,12.99,13.01,13.39,-0.38,-2.84,1970387.89,2588696.13
000001.SZ,20220722,12.84,12.93,12.62,12.81,12.78,0.03,0.23,1376509.74,1755555.71
000001.SZ,20220725,12.8,12.85,12.67,12.82,12.81,0.01,0.08,763955.81,976071.71
000001.SZ,20220726,12.75,12.91,12.71,12.91,12.82,0.09,0.70,1024048.81,1314310.44
000001.SZ,20220727,12.85,12.88,12.73,12.79,12.91,-0.12,-0.93,923914.08,1182889.76
000001.SZ,20220728,12.81,12.91,12.78,12.88,12.79,0.09,0.70,750346.52,964903.66
000001.SZ,20220729,12.88,12.9,12.65,12.68,12.88,-0.2,-1.55,831497.47,1059518.59
000001.SZ,20220801,12.66,12.66,12.4,12.42,12.68,-0.26,-2.05,1025732.71,1277987.01
000001.SZ,20220802,12.22,12.34,11.94,12.26,12.42,-0.16,-1.29,1373009.30,1664397.67
000001.SZ,20220803,12.19,12.27,12.01,12.03,12.26,-0.23,-1.88,746136.53,905653.33
000001.SZ,20220804,12.1,12.17,12.02,12.16,12.03,0.13,1.08,602675.62,729351.71
000001.SZ,20220805,12.13,12.33,11.98,12.31,12.16,0.15,1.23,765297.87,930836.35
000001.SZ,20220808,12.25,12.36,12.16,12.2,12.31,-0.11,-0.89,551999.69,674950.92
000001.SZ,20220809,12.21,12.22,12.08,12.12,12.2,-0.08,-0.66,558447.57,677098.63
000001.SZ,20220810,12.12,12.24,12.02,12.06,12.12,-0.06,-0.50,683023.21,825806.01
000001.SZ,20220811,12.08,12.39,12.04,12.35,12.06,0.29,2.40,1399303.61,1710719.48
000001.SZ,20220812,12.26,12.41,12.2,12.38,12.35,0.03,0.24,820503.56,1010612.43
000001.SZ,20220815,12.29,12.36,12.09,12.11,12.38,-0.27,-2.18,1172010.00,1425087.46
000001.SZ,20220816,12.11,12.2,12.1,12.13,12.11,0.02,0.17,631223.70,765907.22
000001.SZ,20220817,12.15,12.42,12.07,12.4,12.13,0.27,2.23,1348506.58,1656961.62
000001.SZ,20220818,12.48,12.54,12.16,12.25,12.4,-0.15,-1.21,1269700.94,1560630.57
000001.SZ,20220819,12.27,12.75,12.23,12.57,12.25,0.32,2.61,2106417.24,2653471.09
000001.SZ,20220822,12.58,12.68,12.41,12.5,12.57,-0.07,-0.56,1138076.58,1423361.88
000001.SZ,20220823,12.45,12.49,12.28,12.34,12.5,-0.16,-1.28,921463.07,1137300.43
000001.SZ,20220824,12.33,12.54,12.33,12.4,12.34,0.06,0.49,1295375.33,1613309.59
000001.SZ,20220825,12.4,12.66,12.3,12.62,12.4,0.22,1.77,1064010.61,1329230.36
000001.SZ,20220826,12.68,12.75,12.46,12.61,12.62,-0.01,-0.08,927634.26,1168951.10
000001.SZ,20220829,12.5,12.56,12.31,12.42,12.61,-0.19,-1.51,924490.65,1145189.17
000001.SZ,20220830,12.43,12.54,12.28,12.48,12.42,0.06,0.48,799712.38,991447.63
000001.SZ,20220831,12.38,12.78,12.36,12.75,12.48,0.27,2.16,1653041.58,2091408.32
000001.SZ,20220901,12.65,12.79,12.58,12.61,12.75,-0.14,-1.10,861981.95,1092666.28
000001.SZ,20220902,12.62,12.69,12.43,12.51,12.61,-0.1,-0.79,786362.81,983433.86
000001.SZ,20220905,12.46,12.6,12.37,12.57,12.51,0.06,0.48,632039.98,788451.09
000001.SZ,20220906,12.58,12.66,12.43,12.5,12.57,-0.07,-0.56,731294.99,914692.18
000001.SZ,20220907,12.42,12.42,12.28,12.33,12.5,-0.17,-1.36,979812.81,1208329.76
000001.SZ,20220908,12.32,12.44,12.3,12.36,12.33,0.03,0.24,621116.92,768913.48
000001.SZ,20220909,12.4,12.74,12.36,12.72,12.36,0.36,2.91,1951297.31,2469131.33
000001.SZ,20220913,12.88,13.02,12.66,12.95,12.72,0.23,1.81,1722689.89,2223707.38
000001.SZ,20220914,12.75,12.87,12.7,12.73,12.95,-0.22,-1.70,858035.84,1095054.83
000001.SZ,20220915,12.8,13.1,12.77,13,12.73,0.27,2.12,1841017.88,2393239.45
000001.SZ,20220916,12.92,12.95,12.56,12.56,13,-0.44,-3.38,1357447.81,1719252.82
000001.SZ,20220919,12.54,12.67,12.48,12.57,12.56,0.01,0.08,632121.04,793491.31
000001.SZ,20220920,12.61,12.63,12.32,12.34,12.57,-0.23,-1.83,889988.53,1102212.20
000001.SZ,20220921,12.31,12.48,12.2,12.43,12.34,0.09,0.73,684197.39,845477.18
000001.SZ,20220922,12.33,12.36,12.25,12.29,12.43,-0.14,-1.13,586133.38,720058.21
000001.SZ,20220923,12.24,12.43,12.23,12.29,12.29,0,0.00,586441.06,722703.13
000001.SZ,20220926,12.16,12.28,11.99,12,12.29,-0.29,-2.36,903729.04,1094060.84
000001.SZ,20220927,12,12.16,11.81,12.15,12,0.15,1.25,789622.29,946732.99
000001.SZ,20220928,12.09,12.25,11.92,12.11,12.15,-0.04,-0.33,780925.58,946211.77
000001.SZ,20220929,12.25,12.28,11.82,11.86,12.11,-0.25,-2.06,917718.04,1100405.20
000001.SZ,20220930,11.87,11.96,11.83,11.84,11.86,-0.02,-0.17,537230.19,638906.95
000001.SZ,20221010,11.7,11.77,11.46,11.47,11.84,-0.37,-3.13,966080.18,1119089.73
000001.SZ,20221011,11.54,11.58,11.41,11.48,11.47,0.01,0.09,415253.37,476749.23
000001.SZ,20221012,11.45,11.62,11.35,11.6,11.48,0.12,1.05,559572.43,641776.51
000001.SZ,20221013,11.51,11.54,11.31,11.34,11.6,-0.26,-2.24,852615.97,970021.74
000001.SZ,20221014,11.45,11.63,11.4,11.53,11.34,0.19,1.68,1096061.58,1265486.55
000001.SZ,20221017,11.42,11.52,11.34,11.48,11.53,-0.05,-0.43,1024822.71,1171523.55
000001.SZ,20221018,11.55,11.64,11.46,11.48,11.48,0,0.00,946837.09,1091646.64
000001.SZ,20221019,11.42,11.49,11.28,11.29,11.48,-0.19,-1.66,923989.68,1049700.77
000001.SZ,20221020,11.23,11.31,11.16,11.2,11.29,-0.09,-0.80,781923.23,876967.15
000001.SZ,20221021,11.21,11.25,11.07,11.09,11.2,-0.11,-0.98,785574.29,876648.49
000001.SZ,20221024,11.09,11.1,10.61,10.62,11.09,-0.47,-4.24,1383390.65,1496043.94
000001.SZ,20221025,10.7,10.81,10.6,10.65,10.62,0.03,0.28,1316979.40,1406437.77
000001.SZ,20221026,10.64,10.73,10.61,10.66,10.65,0.01,0.09,1143829.88,1220733.28
000001.SZ,20221027,10.7,10.77,10.66,10.68,10.66,0.02,0.19,957383.46,1024868.05
000001.SZ,20221028,10.63,10.7,10.41,10.42,10.68,-0.26,-2.43,1057947.01,1114999.30
000001.SZ,20221031,10.33,10.45,10.22,10.34,10.42,-0.08,-0.77,983095.69,1016230.01
000001.SZ,20221101,10.38,10.68,10.36,10.67,10.34,0.33,3.19,1381234.13,1459758.37
000001.SZ,20221102,10.61,10.68,10.48,10.63,10.67,-0.04,-0.37,1302988.18,1377816.22
000001.SZ,20221103,10.54,10.57,10.38,10.44,10.63,-0.19,-1.79,983535.61,1028904.29
000001.SZ,20221104,10.4,10.85,10.39,10.82,10.44,0.38,3.64,1776112.23,1903720.94
000001.SZ,20221107,10.81,10.91,10.73,10.88,10.82,0.06,0.55,988082.04,1070554.83
000001.SZ,20221108,10.89,10.92,10.78,10.85,10.88,-0.03,-0.28,583222.05,632835.81
000001.SZ,20221109,10.84,11.08,10.82,10.89,10.85,0.04,0.37,832106.85,911153.62
000001.SZ,20221110,10.79,10.9,10.69,10.87,10.89,-0.02,-0.18,552021.19,596916.59
000001.SZ,20221111,11.13,11.66,11.01,11.43,10.87,0.56,5.15,2545070.55,2878557.39
000001.SZ,20221114,11.7,12.28,11.7,11.95,11.43,0.52,4.55,3872084.10,4637823.41
000001.SZ,20221115,11.86,12.18,11.83,12.01,11.95,0.06,0.50,1573901.34,1891249.65
000001.SZ,20221116,11.97,12.05,11.79,11.82,12.01,-0.19,-1.58,1278692.88,1519133.93
000001.SZ,20221117,11.81,11.84,11.58,11.69,11.82,-0.13,-1.10,1091047.16,1273790.88
000001.SZ,20221118,11.74,11.78,11.57,11.59,11.69,-0.1,-0.86,868093.29,1011078.68
000001.SZ,20221121,11.48,11.5,11.22,11.46,11.59,-0.13,-1.12,1047737.07,1189388.62
000001.SZ,20221122,11.46,11.93,11.44,11.82,11.46,0.36,3.14,1491323.88,1748727.41
000001.SZ,20221123,11.78,12.05,11.72,11.82,11.82,0,0.00,1247656.53,1483352.65
000001.SZ,20221124,11.92,11.99,11.69,11.77,11.82,-0.05,-0.42,796718.82,941002.37
000001.SZ,20221125,11.79,12.23,11.77,12.17,11.77,0.4,3.40,1760728.17,2130171.61
000001.SZ,20221128,11.9,11.92,11.69,11.81,12.17,-0.36,-2.96,1331562.95,1568351.12
000001.SZ,20221129,12.16,12.99,12.13,12.99,11.81,1.18,9.99,4749276.50,6026006.64
000001.SZ,20221130,12.9,13.34,12.82,13.03,12.99,0.04,0.31,3209628.30,4206404.17
000001.SZ,20221201,13.38,13.66,13.07,13.1,13.03,0.07,0.54,2002688.83,2658203.03
000001.SZ,20221202,13.14,13.15,12.69,12.9,13.1,-0.2,-1.53,1404202.78,1803658.76
000001.SZ,20221205,13.09,13.57,13.01,13.53,12.9,0.63,4.88,2287627.42,3057231.97
000001.SZ,20221206,13.34,13.66,13.25,13.43,13.53,-0.1,-0.74,1252578.91,1680593.52
000001.SZ,20221207,13.33,13.37,13.03,13.15,13.43,-0.28,-2.08,1377376.90,1815667.66
000001.SZ,20221208,13.15,13.52,13.12,13.36,13.15,0.21,1.60,1065722.80,1422047.91
000001.SZ,20221209,13.4,13.75,13.35,13.7,13.36,0.34,2.54,1615831.92,2197501.65
000001.SZ,20221212,13.58,13.58,13.06,13.11,13.7,-0.59,-4.31,1392584.28,1848277.97
000001.SZ,20221213,13.15,13.36,13.14,13.24,13.11,0.13,0.99,902285.13,1194285.34
000001.SZ,20221214,13.23,13.4,13.08,13.23,13.24,-0.01,-0.08,974061.10,1287867.95
000001.SZ,20221215,13.14,13.28,12.94,13.1,13.23,-0.13,-0.98,835349.26,1094434.01
000001.SZ,20221216,13.02,13.4,13.02,13.34,13.1,0.24,1.83,924251.67,1225269.17
000001.SZ,20221219,13.33,13.47,12.95,13.04,13.34,-0.3,-2.25,1030866.06,1355435.57
000001.SZ,20221220,12.97,13.08,12.67,12.76,13.04,-0.28,-2.15,896212.23,1150630.68
000001.SZ,20221221,12.85,12.99,12.74,12.89,12.76,0.13,1.02,614589.64,791782.47
000001.SZ,20221222,13,13.15,12.9,12.95,12.89,0.06,0.47,672394.30,876159.83
000001.SZ,20221223,12.85,13.06,12.8,12.98,12.95,0.03,0.23,564426.41,730705.96
000001.SZ,20221226,12.99,13.04,12.71,12.77,12.98,-0.21,-1.62,797119.87,1021903.96
000001.SZ,20221227,12.87,13.22,12.87,13.11,12.77,0.34,2.66,886004.12,1160090.12
000001.SZ,20221228,13.16,13.38,13,13.14,13.11,0.03,0.23,791191.98,1042402.08
000001.SZ,20221229,13.07,13.13,12.85,13.03,13.14,-0.11,-0.84,666890.09,865144.97
000001.SZ,20221230,13.04,13.28,12.96,13.16,13.03,0.13,1.00,818035.98,1074756.75
000001.SZ,20230103,13.2,13.85,13.05,13.77,13.16,0.61,4.64,2194127.94,2971546.99
000001.SZ,20230104,13.71,14.42,13.63,14.32,13.77,0.55,3.99,2189682.53,3110729.45
000001.SZ,20230105,14.4,14.74,14.37,14.48,14.32,0.16,1.12,1665425.18,2417272.36
000001.SZ,20230106,14.5,14.72,14.48,14.62,14.48,0.14,0.97,1195744.71,1747915.17
000001.SZ,20230109,14.75,14.88,14.52,14.8,14.62,0.18,1.23,1057659.11,1561368.49
000001.SZ,20230110,14.76,14.89,14.39,14.44,14.8,-0.36,-2.43,1269423.39,1851093.72
000001.SZ,20230111,14.45,14.78,14.39,14.67,14.44,0.23,1.59,830566.12,1217450.81
000001.SZ,20230112,14.77,14.77,14.53,14.67,14.67,0,0.00,625694.84,914367.70
000001.SZ,20230113,14.67,14.95,14.55,14.95,14.67,0.28,1.91,949085.83,1407181.07
000001.SZ,20230116,14.95,15.28,14.85,15.08,14.95,0.13,0.87,1560039.89,2356399.99
000001.SZ,20230117,15.13,15.18,14.77,14.97,15.08,-0.11,-0.73,935834.54,1396151.52
000001.SZ,20230118,14.95,15.18,14.91,15.11,14.97,0.14,0.94,718434.03,1083363.00
000001.SZ,20230119,15.13,15.25,14.87,15.09,15.11,-0.02,-0.13,641875.20,963744.63
000001.SZ,20230120,15.16,15.24,15,15.13,15.09,0.04,0.27,608590.08,920144.81
000001.SZ,20230130,15.6,15.74,14.89,15.15,15.13,0.02,0.13,1374317.50,2096867.65
000001.SZ,20230131,15.24,15.51,14.96,14.99,15.15,-0.16,-1.06,1030497.84,1568639.33
000001.SZ,20230201,15.03,15.08,14.51,14.7,14.99,-0.29,-1.93,1653421.48,2426471.97
000001.SZ,20230202,14.74,14.78,14.27,14.6,14.7,-0.1,-0.68,1577900.39,2280744.88
000001.SZ,20230203,14.45,14.55,14.16,14.32,14.6,-0.28,-1.92,1246382.98,1782105.89
000001.SZ,20230206,14.1,14.13,13.86,14,14.32,-0.32,-2.23,1317610.10,1838428.71
000001.SZ,20230207,14.06,14.32,14.03,14.21,14,0.21,1.50,869460.46,1235297.76
000001.SZ,20230208,14.24,14.32,14.03,14.04,14.21,-0.17,-1.20,657892.57,928708.93
000001.SZ,20230209,14.01,14.3,13.96,14.13,14.04,0.09,0.64,830350.02,1174361.96
000001.SZ,20230210,14.1,14.12,13.86,13.98,14.13,-0.15,-1.06,847283.66,1184283.39
000001.SZ,20230213,13.94,13.94,13.6,13.82,13.98,-0.16,-1.14,1800054.16,2473405.20
000001.SZ,20230214,13.85,13.98,13.8,13.96,13.82,0.14,1.01,909937.09,1263892.08
000001.SZ,20230215,13.95,13.96,13.62,13.67,13.96,-0.29,-2.08,1250243.98,1713566.67
000001.SZ,20230216,13.68,13.91,13.5,13.6,13.67,-0.07,-0.51,1279123.29,1757431.08
000001.SZ,20230217,13.63,13.72,13.43,13.43,13.6,-0.17,-1.25,918363.69,1246777.40
000001.SZ,20230220,13.5,14.15,13.49,14.15,13.43,0.72,5.36,2116191.17,2945969.77
000001.SZ,20230221,14.06,14.2,13.92,14.1,14.15,-0.05,-0.35,990494.99,1393153.38
000001.SZ,20230222,14,14.12,13.94,14.02,14.1,-0.08,-0.57,638922.39,895742.53
000001.SZ,20230223,14,14.32,13.98,14.05,14.02,0.03,0.21,824490.68,1165539.85
000001.SZ,20230224,14.02,14.03,13.8,13.86,14.05,-0.19,-1.35,729989.04,1012652.97
000001.SZ,20230227,13.75,13.88,13.68,13.69,13.86,-0.17,-1.23,621461.93,854854.04
000001.SZ,20230228,13.75,13.85,13.61,13.78,13.69,0.09,0.66,607935.92,833316.02
000001.SZ,20230301,13.8,14.19,13.74,14.17,13.78,0.39,2.83,1223451.78,1719710.65
000001.SZ,20230302,14.13,14.44,14.06,14.24,14.17,0.07,0.49,1015876.84,1447565.98
000001.SZ,20230303,14.35,14.37,14.14,14.29,14.24,0.05,0.35,690954.39,985552.12
000001.SZ,20230306,14.3,14.3,13.72,13.85,14.29,-0.44,-3.08,1455824.14,2023954.55
000001.SZ,20230307,13.85,14.1,13.65,13.69,13.85,-0.16,-1.16,1279266.29,1773654.74
000001.SZ,20230308,13.63,13.64,13.4,13.53,13.69,-0.16,-1.17,1096897.91,1479838.98
000001.SZ,20230309,13.54,13.58,13.13,13.2,13.53,-0.33,-2.44,1736064.76,2305765.84
000001.SZ,20230310,13,13.27,13,13.14,13.2,-0.06,-0.45,856996.10,1128558.36
000001.SZ,20230313,13.12,13.29,13,13.05,13.14,-0.09,-0.68,1000634.96,1309490.08
000001.SZ,20230314,12.99,13,12.73,12.87,13.05,-0.18,-1.38,1149075.58,1474124.20
000001.SZ,20230315,13.05,13.18,12.94,13.05,12.87,0.18,1.40,979363.72,1278262.23
000001.SZ,20230316,12.89,13.03,12.8,12.82,13.05,-0.23,-1.76,916792.49,1182054.43
000001.SZ,20230317,12.99,13.04,12.65,12.75,12.82,-0.07,-0.55,1556814.14,2000832.41
000001.SZ,20230320,12.76,12.85,12.55,12.57,12.75,-0.18,-1.41,1188816.33,1505893.66
000001.SZ,20230321,12.65,12.78,12.5,12.7,12.57,0.13,1.03,840743.17,1060914.06
000001.SZ,20230322,12.75,12.88,12.71,12.79,12.7,0.09,0.71,876690.77,1121080.75
000001.SZ,20230323,12.7,12.9,12.63,12.9,12.79,0.11,0.86,804306.04,1029380.50
000001.SZ,20230324,12.85,12.86,12.76,12.82,12.9,-0.08,-0.62,621518.75,796319.54
000001.SZ,20230327,12.8,12.81,12.46,12.6,12.82,-0.22,-1.72,1008422.14,1266945.06
000001.SZ,20230328,12.66,12.73,12.55,12.64,12.6,0.04,0.32,673868.43,851797.87
000001.SZ,20230329,12.73,12.74,12.5,12.53,12.64,-0.11,-0.87,596064.33,750687.55
000001.SZ,20230330,12.55,12.71,12.41,12.68,12.53,0.15,1.20,824546.24,1035422.93
000001.SZ,20230331,12.69,12.77,12.51,12.53,12.68,-0.15,-1.18,865491.66,1092263.44
000001.SZ,20230403,12.55,12.69,12.46,12.67,12.53,0.14,1.12,740428.86,934285.18
000001.SZ,20230404,12.64,12.72,12.59,12.65,12.67,-0.02,-0.16,647457.22,817726.53
000001.SZ,20230406,12.6,12.61,12.5,12.58,12.65,-0.07,-0.55,563321.30,706480.66
000001.SZ,20230407,12.57,12.69,12.5,12.62,12.58,0.04,0.32,607925.26,767354.80
000001.SZ,20230410,12.64,12.7,12.58,12.68,12.62,0.06,0.48,640181.81,809943.15
000001.SZ,20230411,12.7,12.72,12.52,12.54,12.68,-0.14,-1.10,777779.62,978302.91
000001.SZ,20230412,12.58,12.59,12.45,12.48,12.54,-0.06,-0.48,909957.06,1136997.70
000001.SZ,20230413,12.41,12.67,12.3,12.56,12.48,0.08,0.64,1131591.46,1413919.04
000001.SZ,20230414,12.6,12.9,12.58,12.69,12.56,0.13,1.04,1297994.84,1653539.53
000001.SZ,20230417,12.66,12.94,12.6,12.93,12.69,0.24,1.89,1304212.59,1669357.65
000001.SZ,20230418,12.93,13.2,12.89,13,12.93,0.07,0.54,1538936.15,2009934.88
000001.SZ,20230419,13.02,13.07,12.83,12.85,13,-0.15,-1.15,1014378.15,1309536.00
000001.SZ,20230420,12.9,12.9,12.62,12.75,12.85,-0.1,-0.78,811788.41,1033330.70
000001.SZ,20230421,12.7,12.83,12.48,12.5,12.75,-0.25,-1.96,918668.39,1160509.77
000001.SZ,20230424,12.48,12.5,12.03,12.1,12.5,-0.4,-3.20,1467671.92,1798133.97
000001.SZ,20230425,12.14,12.37,12.12,12.28,12.1,0.18,1.49,1301900.82,1595320.17
000001.SZ,20230426,12.25,12.25,11.99,12.12,12.28,-0.16,-1.30,991260.40,1197555.72
000001.SZ,20230427,12.06,12.35,12,12.26,12.12,0.14,1.16,1004093.37,1222755.93
000001.SZ,20230428,12.26,12.78,12.22,12.55,12.26,0.29,2.37,1445254.34,1816868.03
000001.SZ,20230504,12.4,12.83,12.19,12.73,12.55,0.18,1.43,1478264.38,1863146.14
000001.SZ,20230505,12.78,13.11,12.75,12.91,12.73,0.18,1.41,1762188.65,2283981.03
000001.SZ,20230508,12.94,13.49,12.84,13.32,12.91,0.41,3.18,2630718.61,3478891.63
000001.SZ,20230509,13.4,13.6,13.13,13.16,13.32,-0.16,-1.20,2422534.45,3238716.47
000001.SZ,20230510,13.17,13.26,12.8,12.84,13.16,-0.32,-2.43,1237053.39,1600189.99
000001.SZ,20230511,12.95,13.12,12.8,12.85,12.84,0.01,0.08,903758.44,1166479.37
000001.SZ,20230512,12.82,12.87,12.61,12.62,12.85,-0.23,-1.79,885603.68,1124579.09
000001.SZ,20230515,12.68,12.85,12.45,12.83,12.62,0.21,1.66,928325.63,1173804.24
000001.SZ,20230516,12.8,12.92,12.57,12.62,12.83,-0.21,-1.64,998301.69,1267712.09
000001.SZ,20230517,12.58,12.64,12.44,12.49,12.62,-0.13,-1.03,754621.20,945315.19
000001.SZ,20230518,12.57,12.64,12.43,12.49,12.49,0,0.00,687186.87,861347.53
000001.SZ,20230519,12.43,12.44,12.32,12.34,12.49,-0.15,-1.20,688413.68,851165.59
000001.SZ,20230522,12.31,12.45,12.31,12.38,12.34,0.04,0.32,549327.85,679754.87
000001.SZ,20230523,12.38,12.41,12.21,12.21,12.38,-0.17,-1.37,694364.36,852871.18
000001.SZ,20230524,12.2,12.21,12.01,12.01,12.21,-0.2,-1.64,824250.88,996600.58
000001.SZ,20230525,11.99,12,11.81,11.93,12.01,-0.08,-0.67,882744.30,1050002.54
000001.SZ,20230526,11.93,12.13,11.84,12.1,11.93,0.17,1.43,511428.64,613772.90
000001.SZ,20230529,12.11,12.13,11.95,11.98,12.1,-0.12,-0.99,566073.82,680275.58
000001.SZ,20230530,11.98,11.99,11.8,11.87,11.98,-0.11,-0.92,763996.92,906316.37
000001.SZ,20230531,11.82,11.84,11.58,11.6,11.87,-0.27,-2.27,1179586.71,1376758.36
000001.SZ,20230601,11.6,11.68,11.5,11.59,11.6,-0.01,-0.09,743022.93,861646.49
000001.SZ,20230602,11.68,11.97,11.64,11.93,11.59,0.34,2.93,1221842.53,1446502.67
000001.SZ,20230605,11.88,12,11.82,11.91,11.93,-0.02,-0.17,521846.19,620531.42
000001.SZ,20230606,11.91,12.09,11.82,11.84,11.91,-0.07,-0.59,833273.47,997039.31
000001.SZ,20230607,11.89,12.07,11.88,11.94,11.84,0.1,0.84,643697.84,770386.88
000001.SZ,20230608,11.96,12.2,11.86,12.12,11.94,0.18,1.51,869397.12,1048266.24
000001.SZ,20230609,12.06,12.09,11.85,11.88,12.12,-0.24,-1.98,1315284.76,1566929.27
000001.SZ,20230612,11.82,11.9,11.76,11.79,11.88,-0.09,-0.76,758747.03,896015.71
000001.SZ,20230613,11.76,11.84,11.69,11.77,11.79,-0.02,-0.17,849988.05,1000183.57
000001.SZ,20230614,11.55,11.73,11.46,11.47,11.49,-0.02,-0.17,1069200.04,1237376.78
000001.SZ,20230615,11.49,11.63,11.39,11.61,11.47,0.14,1.22,925300.56,1064567.23
000001.SZ,20230616,11.61,11.67,11.57,11.63,11.61,0.02,0.17,842033.65,978869.32
000001.SZ,20230619,11.63,11.63,11.41,11.45,11.63,-0.18,-1.55,953997.07,1096351.10
000001.SZ,20230620,11.44,11.46,11.35,11.36,11.45,-0.09,-0.79,544550.79,620374.31
000001.SZ,20230621,11.36,11.48,11.34,11.35,11.36,-0.01,-0.09,616582.96,703681.56
000001.SZ,20230626,11.3,11.3,11.15,11.18,11.35,-0.17,-1.50,676577.43,757975.99
000001.SZ,20230627,11.2,11.32,11.17,11.28,11.18,0.1,0.89,461701.78,519520.69
000001.SZ,20230628,11.28,11.33,11.22,11.3,11.28,0.02,0.18,365396.44,412039.35
000001.SZ,20230629,11.29,11.29,11.17,11.18,11.3,-0.12,-1.06,485906.30,544534.83
000001.SZ,20230630,11.18,11.31,11.15,11.23,11.18,0.05,0.45,519052.58,583494.66
000001.SZ,20230703,11.24,11.53,11.23,11.49,11.23,0.26,2.32,885090.71,1009887.43
000001.SZ,20230704,11.46,11.49,11.32,11.4,11.49,-0.09,-0.78,616300.56,701885.27
000001.SZ,20230705,11.36,11.4,11.3,11.34,11.4,-0.06,-0.53,423482.40,479726.28
000001.SZ,20230706,11.3,11.34,11.21,11.24,11.34,-0.1,-0.88,597095.91,672396.82
000001.SZ,20230707,11.2,11.27,11.18,11.2,11.24,-0.04,-0.36,484440.83,543212.46
000001.SZ,20230710,11.25,11.28,11.17,11.2,11.2,0,0.00,495882.28,556581.58
000001.SZ,20230711,11.22,11.26,11.19,11.21,11.2,0.01,0.09,570809.09,640131.79
000001.SZ,20230712,11.23,11.36,11.22,11.24,11.21,0.03,0.27,736083.67,830230.82
000001.SZ,20230713,11.32,11.47,11.27,11.43,11.24,0.19,1.69,1124229.73,1281848.38
000001.SZ,20230714,11.43,11.55,11.4,11.46,11.43,0.03,0.26,719146.99,825295.74
000001.SZ,20230717,11.41,11.41,11.26,11.31,11.46,-0.15,-1.31,608342.58,687262.89
000001.SZ,20230718,11.29,11.32,11.22,11.25,11.31,-0.06,-0.53,471966.18,531299.77
000001.SZ,20230719,11.23,11.32,11.23,11.31,11.25,0.06,0.53,382195.96,430771.28
000001.SZ,20230720,11.33,11.44,11.29,11.32,11.31,0.01,0.09,554069.57,629696.11
000001.SZ,20230721,11.31,11.39,11.28,11.34,11.32,0.02,0.18,377102.56,427375.95
000001.SZ,20230724,11.33,11.33,11.24,11.26,11.34,-0.08,-0.71,426852.18,480713.40
000001.SZ,20230725,11.45,11.73,11.44,11.72,11.26,0.46,4.09,2032958.19,2358815.16
000001.SZ,20230726,11.65,11.74,11.56,11.67,11.72,-0.05,-0.43,751662.68,875260.14
000001.SZ,20230727,11.68,11.87,11.65,11.75,11.67,0.08,0.69,1115195.86,1314228.29
000001.SZ,20230728,11.69,12.3,11.67,12.26,11.75,0.51,4.34,2347013.46,2839828.24
000001.SZ,20230731,12.3,12.5,12.23,12.32,12.26,0.06,0.49,1854952.39,2288940.41
000001.SZ,20230801,12.26,12.37,12.13,12.16,12.32,-0.16,-1.30,957734.78,1169570.71
000001.SZ,20230802,12.06,12.24,11.93,12.03,12.16,-0.13,-1.07,1115900.04,1343864.17
000001.SZ,20230803,11.99,12.37,11.95,12.33,12.03,0.3,2.49,1175847.71,1433255.49
000001.SZ,20230804,12.42,12.53,12.21,12.3,12.33,-0.03,-0.24,1303131.02,1611435.43
000001.SZ,20230807,12.21,12.25,12.12,12.16,12.3,-0.14,-1.14,646913.26,786506.45
000001.SZ,20230808,12.12,12.21,12,12.1,12.16,-0.06,-0.49,725704.56,877489.19
000001.SZ,20230809,12.06,12.2,12.05,12.17,12.1,0.07,0.58,577607.74,702060.80
000001.SZ,20230810,12.15,12.21,12.06,12.16,12.17,-0.01,-0.08,475594.53,577123.92
000001.SZ,20230811,12.17,12.27,11.89,11.89,12.16,-0.27,-2.22,943538.57,1132867.24
000001.SZ,20230814,11.76,11.78,11.59,11.67,11.89,-0.22,-1.85,975920.18,1139185.25
000001.SZ,20230815,11.69,11.8,11.6,11.73,11.67,0.06,0.51,712812.77,834163.04
000001.SZ,20230816,11.67,11.85,11.61,11.73,11.73,0,0.00,572904.37,671706.05
000001.SZ,20230817,11.67,11.7,11.46,11.57,11.73,-0.16,-1.36,965057.75,1116292.66
000001.SZ,20230818,11.58,11.74,11.53,11.56,11.57,-0.01,-0.09,659818.85,767047.29
000001.SZ,20230821,11.56,11.58,11.32,11.32,11.56,-0.24,-2.08,701497.85,799641.42
000001.SZ,20230822,11.38,11.45,11.31,11.37,11.32,0.05,0.44,606808.09,689991.24
000001.SZ,20230823,11.35,11.42,11.24,11.25,11.37,-0.12,-1.06,691809.98,783102.83
000001.SZ,20230824,11.29,11.32,11.05,11.13,11.25,-0.12,-1.07,1291270.70,1439197.08
000001.SZ,20230825,11.1,11.33,11.08,11.23,11.13,0.1,0.90,845349.92,946760.25
000001.SZ,20230828,11.84,11.93,11.49,11.52,11.23,0.29,2.58,1997609.87,2336205.80
000001.SZ,20230829,11.47,11.49,11.13,11.31,11.52,-0.21,-1.82,1964961.43,2217588.61
000001.SZ,20230830,11.27,11.27,11.13,11.13,11.31,-0.18,-1.59,1375638.29,1537573.55
000001.SZ,20230831,11.14,11.22,11.12,11.13,11.13,0,0.00,806474.03,900123.58
000001.SZ,20230901,11.19,11.36,11.19,11.32,11.13,0.19,1.71,1138704.83,1285169.02
000001.SZ,20230904,11.35,11.59,11.33,11.56,11.32,0.24,2.12,1410029.23,1621769.20
000001.SZ,20230905,11.5,11.51,11.36,11.39,11.56,-0.17,-1.47,804177.16,917888.86
000001.SZ,20230906,11.33,11.46,11.3,11.43,11.39,0.04,0.35,634840.51,721905.68
000001.SZ,20230907,11.4,11.44,11.32,11.33,11.43,-0.1,-0.87,540041.57,613812.18
000001.SZ,20230908,11.28,11.32,11.23,11.27,11.33,-0.06,-0.53,479029.67,539624.96
000001.SZ,20230911,11.3,11.4,11.27,11.34,11.27,0.07,0.62,654485.58,741764.91
000001.SZ,20230912,11.35,11.35,11.25,11.28,11.34,-0.06,-0.53,495485.06,559058.54
000001.SZ,20230913,11.29,11.32,11.21,11.25,11.28,-0.03,-0.27,490217.97,551747.63
000001.SZ,20230914,11.28,11.33,11.25,11.29,11.25,0.04,0.36,551650.17,622906.05
000001.SZ,20230915,11.35,11.4,11.2,11.22,11.29,-0.07,-0.62,890476.13,1005529.16
000001.SZ,20230918,11.22,11.24,11.14,11.23,11.22,0.01,0.09,501325.01,561449.77
000001.SZ,20230919,11.22,11.23,11.16,11.21,11.23,-0.02,-0.18,503664.32,564044.04
000001.SZ,20230920,11.2,11.22,11.15,11.15,11.21,-0.06,-0.54,558872.41,624785.50
000001.SZ,20230921,11.14,11.14,11.04,11.05,11.15,-0.1,-0.90,843930.11,934673.19
000001.SZ,20230922,11.03,11.25,11.03,11.24,11.05,0.19,1.72,911484.30,1017137.92
000001.SZ,20230925,11.24,11.32,11.19,11.22,11.24,-0.02,-0.18,761211.25,856022.50
000001.SZ,20230926,11.22,11.26,11.14,11.16,11.22,-0.06,-0.53,444980.35,497885.81
000001.SZ,20230927,11.15,11.22,11.15,11.17,11.16,0.01,0.09,490310.61,547905.82
000001.SZ,20230928,11.19,11.24,11.18,11.2,11.17,0.03,0.27,520696.78,583649.73
000001.SZ,20231009,11.16,11.17,11.06,11.11,11.2,-0.09,-0.80,695828.09,772959.35
000001.SZ,20231010,11.19,11.2,11.02,11.02,11.11,-0.09,-0.81,820748.51,910160.34
000001.SZ,20231011,11.09,11.09,10.96,10.98,11.02,-0.04,-0.36,724115.69,797663.83
000001.SZ,20231012,11.11,11.16,11.04,11.11,10.98,0.13,1.18,853057.50,947562.33
000001.SZ,20231013,11.03,11.07,10.95,11,11.11,-0.11,-0.99,684483.08,753110.73
000001.SZ,20231016,11,11.03,10.95,11.01,11,0.01,0.09,501624.32,550988.72
000001.SZ,20231017,11.01,11.05,10.96,11.02,11.01,0.01,0.09,493525.05,543170.90
000001.SZ,20231018,10.99,11.02,10.91,10.95,11.02,-0.07,-0.64,651824.92,713979.90
000001.SZ,20231019,10.91,10.92,10.59,10.6,10.95,-0.35,-3.20,1188960.83,1271914.68
000001.SZ,20231020,10.55,10.67,10.51,10.6,10.6,0,0.00,526139.12,557618.63
000001.SZ,20231023,10.59,10.6,10.43,10.5,10.6,-0.1,-0.94,530404.48,557032.23
000001.SZ,20231024,10.54,10.61,10.44,10.55,10.5,0.05,0.48,760652.69,801528.40
000001.SZ,20231025,10.51,10.54,10.36,10.38,10.55,-0.17,-1.61,1411449.68,1470971.92
000001.SZ,20231026,10.31,10.42,10.3,10.41,10.38,0.03,0.29,599991.47,621915.28
000001.SZ,20231027,10.38,10.48,10.33,10.45,10.41,0.04,0.38,919771.36,957587.53
000001.SZ,20231030,10.4,10.47,10.35,10.45,10.45,0,0.00,805689.55,837646.00
000001.SZ,20231031,10.43,10.49,10.41,10.46,10.45,0.01,0.10,652855.23,682212.14
000001.SZ,20231101,10.55,10.56,10.45,10.48,10.46,0.02,0.19,567300.35,595211.89
000001.SZ,20231102,10.5,10.6,10.47,10.48,10.48,0,0.00,619429.95,652316.67
000001.SZ,20231103,10.49,10.52,10.43,10.48,10.48,0,0.00,705463.47,738879.70
000001.SZ,20231106,10.51,10.69,10.51,10.69,10.48,0.21,2.00,1007062.21,1069206.84
000001.SZ,20231107,10.66,10.66,10.58,10.6,10.69,-0.09,-0.84,640866.12,679815.57
000001.SZ,20231108,10.58,10.6,10.45,10.5,10.6,-0.1,-0.94,877818.75,923622.01
000001.SZ,20231109,10.46,10.52,10.43,10.49,10.5,-0.01,-0.10,639136.48,669639.05
000001.SZ,20231110,10.45,10.47,10.29,10.3,10.49,-0.19,-1.81,1045044.17,1080649.73
000001.SZ,20231113,10.31,10.33,10.22,10.25,10.3,-0.05,-0.49,770043.10,789007.12
000001.SZ,20231114,10.24,10.33,10.23,10.27,10.25,0.02,0.20,596858.88,613377.70
000001.SZ,20231115,10.37,10.45,10.34,10.37,10.27,0.1,0.97,1109140.15,1152154.78
000001.SZ,20231116,10.38,10.39,10.23,10.24,10.37,-0.13,-1.25,922621.94,948395.10
000001.SZ,20231117,10.22,10.25,10.12,10.15,10.24,-0.09,-0.88,903362.17,917616.68
000001.SZ,20231120,10.15,10.22,10.1,10.19,10.15,0.04,0.39,639528.31,650077.37
000001.SZ,20231121,10.23,10.35,10.22,10.28,10.19,0.09,0.88,1041165.73,1072311.50
000001.SZ,20231122,10.26,10.31,10.14,10.16,10.28,-0.12,-1.17,737489.51,753064.76
000001.SZ,20231123,10.15,10.16,10.07,10.15,10.16,-0.01,-0.10,846655.87,855904.31
000001.SZ,20231124,10.11,10.13,10.08,10.1,10.15,-0.05,-0.49,684694.56,691423.44
000001.SZ,20231127,10.09,10.09,9.97,10.01,10.1,-0.09,-0.89,836187.85,836268.37
000001.SZ,20231128,9.99,10.02,9.95,9.95,10.01,-0.06,-0.60,786174.69,784405.81
000001.SZ,20231129,9.95,9.97,9.7,9.72,9.95,-0.23,-2.31,1467596.62,1438320.26
000001.SZ,20231130,9.69,9.73,9.62,9.68,9.72,-0.04,-0.41,901764.57,871481.71
000001.SZ,20231201,9.65,9.68,9.58,9.66,9.68,-0.02,-0.21,778056.99,749668.36
